user_idx,pos_video_idx,neg_video_idx
464,476,177
464,771,864
464,750,445
464,313,626
464,427,764
464,183,669
464,339,620
464,921,469
464,511,364
464,362,299
464,833,332
464,881,429
464,667,485
464,948,104
464,524,8
464,32,559
479,313,980
479,795,463
479,268,393
479,18,741
479,688,521
479,819,90
479,225,117
479,315,553
479,588,317
479,700,527
479,132,552
479,982,381
258,324,42
258,411,148
258,550,796
258,583,518
258,611,265
258,302,174
258,313,967
258,272,858
258,454,635
258,280,334
258,815,813
258,846,698
258,26,730
258,96,594
258,465,100
258,626,769
258,576,596
258,279,761
258,956,376
258,984,639
258,954,789
258,485,479
258,938,150
258,262,404
258,188,607
92,98,758
92,380,970
92,447,38
92,119,753
92,64,254
92,680,62
92,508,490
92,176,632
92,158,248
92,326,488
92,471,91
92,725,904
92,735,827
92,35,104
92,866,446
92,727,173
92,86,31
226,264,350
226,541,910
226,724,658
226,719,748
226,295,195
226,470,604
226,580,953
226,501,535
226,80,286
226,206,224
226,400,582
226,952,870
226,130,799
437,238,772
437,829,689
437,722,190
437,592,304
437,319,709
437,957,172
437,26,542
437,811,108
437,471,170
437,691,226
272,348,604
272,560,866
272,351,469
272,56,768
272,759,447
272,647,845
272,703,929
272,269,5
272,695,292
272,910,320
272,533,501
272,658,461
272,342,409
272,437,965
272,849,631
406,579,833
406,605,486
406,656,625
406,905,333
406,142,278
406,326,920
406,737,108
406,310,718
406,787,954
406,771,840
406,250,125
406,41,89
406,985,747
406,402,137
406,117,278
406,204,572
276,351,500
276,292,523
276,556,660
276,477,723
276,770,971
276,928,369
276,967,797
276,731,717
276,193,418
276,421,234
276,279,690
276,130,457
276,37,142
276,88,777
178,207,864
178,463,470
178,456,711
178,657,289
178,511,1
178,591,145
178,144,838
178,632,186
225,261,294
225,426,464
225,352,943
225,17,669
225,325,349
225,343,349
225,425,635
225,928,372
225,902,158
225,57,300
225,200,319
225,556,565
225,138,49
225,379,600
225,359,137
225,859,799
138,153,306
138,237,650
138,196,489
138,516,997
138,752,193
138,333,233
138,884,833
138,60,226
138,419,763
138,107,325
138,928,519
138,668,806
138,529,852
138,535,753
138,461,765
138,181,98
138,52,657
138,377,935
282,185,152
282,375,255
282,698,362
282,376,748
282,656,667
282,763,317
282,899,156
282,951,565
282,400,965
282,55,393
282,541,319
282,836,374
282,483,388
282,745,507
490,220,404
490,19,902
490,919,643
490,556,91
490,932,510
490,483,589
490,951,799
490,462,984
490,524,648
490,857,674
490,957,802
490,582,979
490,625,610
490,448,875
490,183,703
405,572,285
405,731,411
405,773,580
405,793,652
405,142,523
405,619,494
405,727,23
405,666,218
405,956,419
405,244,194
405,603,265
113,125,237
113,328,589
113,612,437
113,212,237
113,342,377
113,335,596
113,10,953
113,882,250
113,486,670
113,582,568
113,435,776
113,146,663
113,879,218
113,47,255
113,898,669
113,870,294
113,639,545
113,318,380
113,30,290
398,558,629
398,925,727
398,942,862
398,946,932
398,688,869
398,304,705
398,277,690
398,318,659
398,726,22
398,539,512
398,519,227
398,553,718
398,860,487
398,361,282
398,274,366
398,588,59
120,132,437
120,498,630
120,2,693
120,267,779
120,333,235
120,902,922
120,184,754
120,348,434
120,697,548
120,552,473
120,166,424
120,666,966
120,169,44
120,281,182
120,327,20
120,375,531
100,110,269
100,284,100
100,60,244
100,634,590
100,721,537
100,231,248
100,803,559
100,287,591
100,181,397
100,124,246
100,194,130
100,784,384
100,680,357
100,119,590
100,265,504
100,494,441
100,292,450
100,918,453
100,919,175
487,809,395
487,301,129
487,514,268
487,12,782
487,769,621
487,35,834
487,48,766
487,344,404
487,996,433
487,718,547
487,521,998
487,432,643
487,256,406
487,518,740
487,397,449
487,560,446
487,513,431
189,221,470
189,597,845
189,67,87
189,389,781
189,180,416
189,765,927
189,875,107
189,891,402
189,772,324
189,160,161
189,377,984
189,969,959
189,598,608
189,288,578
52,53,768
52,441,119
52,569,64
52,408,567
52,0,463
52,309,550
52,67,348
52,897,872
52,945,714
52,792,866
52,783,516
52,220,880
52,193,446
52,189,232
249,300,487
249,83,315
249,57,121
249,33,568
249,99,920
249,867,25
249,335,185
249,409,246
249,540,125
249,584,454
249,84,850
249,602,869
249,811,634
249,299,993
249,145,5
249,77,437
249,233,940
249,635,283
468,456,559
468,684,246
468,490,361
468,86,57
468,556,744
468,973,83
468,962,616
468,21,544
468,493,927
468,35,489
468,484,397
468,832,867
468,136,966
340,446,274
340,32,199
340,269,285
340,12,630
340,289,938
340,66,154
340,626,434
340,874,432
340,258,267
340,641,439
340,442,940
340,15,714
340,41,375
340,738,974
343,12,493
343,480,713
343,584,867
343,522,394
343,690,23
343,298,404
343,802,978
343,24,564
343,857,74
343,58,63
343,696,59
343,856,90
343,819,762
343,676,87
343,53,237
343,293,685
343,971,698
343,106,274
343,581,73
343,982,499
343,845,862
328,315,880
328,189,1
328,38,757
328,306,873
328,223,53
328,905,570
328,35,816
327,428,986
327,609,559
327,349,712
327,511,991
327,459,777
327,758,72
327,872,818
327,309,987
327,68,73
327,193,855
327,893,587
327,386,816
327,196,845
327,104,991
327,541,926
327,797,972
327,802,676
410,591,168
410,192,901
410,869,448
410,735,931
410,580,459
410,336,926
410,62,755
410,351,204
410,690,91
410,947,280
410,988,41
410,475,157
410,501,813
410,383,873
410,389,438
410,711,893
123,135,825
123,682,670
123,324,16
123,128,248
123,731,551
123,736,510
123,696,379
123,402,836
123,113,8
123,777,893
123,900,82
123,842,317
123,263,448
123,814,300
123,562,232
123,621,452
123,244,206
123,421,23
356,370,165
356,363,570
356,408,911
356,446,944
356,149,119
356,303,77
356,266,637
356,949,669
356,277,715
356,747,857
356,71,506
356,934,406
356,599,981
356,730,209
356,323,185
356,527,135
356,697,383
356,707,330
356,578,272
356,250,192
356,232,773
356,33,318
34,35,428
34,373,476
34,927,320
34,489,864
34,956,951
34,548,105
34,985,10
34,223,947
34,603,598
34,23,504
34,73,95
208,23,642
208,87,871
208,539,849
208,593,306
208,775,461
208,164,772
208,997,595
208,584,404
208,407,958
208,987,213
208,821,10
208,771,146
208,260,739
42,44,306
42,330,264
42,412,889
42,634,994
42,747,689
42,213,334
42,478,203
42,555,689
42,182,541
42,246,316
42,398,740
42,746,718
42,401,782
42,75,809
42,228,493
42,759,204
42,570,135
42,826,5
42,105,643
42,728,363
42,184,564
42,787,762
491,900,638
491,406,581
491,460,942
491,661,98
491,830,169
491,250,686
491,388,610
491,461,925
491,962,885
491,288,383
491,57,879
491,654,328
491,478,452
491,19,51
491,265,439
491,515,600
491,911,158
491,111,142
416,610,172
416,845,880
416,255,344
416,937,639
416,101,541
416,974,942
416,6,961
416,860,251
416,707,36
416,188,713
416,489,790
416,395,473
416,467,423
416,852,385
416,756,574
416,240,739
416,65,964
416,811,429
416,340,628
416,125,633
416,953,251
365,277,790
365,531,663
365,260,640
365,828,600
365,160,708
365,105,826
365,487,563
365,210,591
365,93,763
365,804,5
365,27,306
365,145,437
454,40,376
454,717,948
454,576,253
454,635,520
454,671,646
454,7,545
454,411,818
454,622,487
454,554,213
454,463,428
454,58,493
454,678,651
454,67,207
64,66,523
64,653,140
64,114,360
64,228,569
64,218,921
64,488,340
64,731,630
64,915,497
64,790,84
64,993,202
64,575,205
64,375,875
64,154,538
64,772,604
104,118,31
104,183,509
104,788,960
104,574,98
104,693,879
104,831,209
104,674,112
104,698,435
104,20,640
104,61,556
104,921,502
104,301,76
104,267,377
287,254,242
287,672,365
287,350,859
287,660,836
287,53,888
287,681,700
287,380,229
287,606,445
287,117,667
287,446,895
287,878,445
287,456,799
287,643,137
287,201,720
287,492,856
287,345,112
209,243,445
209,1,536
209,239,381
209,45,95
209,568,42
209,835,763
209,579,962
209,429,79
209,999,18
6,6,37
6,217,80
6,361,731
6,251,715
6,677,419
6,718,417
6,505,761
6,478,983
6,492,267
6,563,698
6,680,22
6,200,185
6,222,292
6,403,670
6,405,884
6,435,221
6,656,34
153,178,620
153,526,188
153,541,895
153,399,372
153,593,209
153,907,589
153,66,822
153,757,413
153,897,408
153,791,856
153,739,984
153,939,198
153,127,663
153,843,586
153,754,552
153,793,477
153,508,423
153,433,765
153,849,44
153,291,820
0,0,511
0,782,299
0,87,970
0,818,863
0,590,57
0,758,71
0,788,172
0,346,184
0,833,33
0,575,593
0,608,994
0,752,353
0,560,154
0,726,918
0,586,500
109,70,130
109,155,909
109,276,800
109,510,947
109,570,883
109,615,622
109,41,329
109,435,309
109,7,191
109,406,288
109,792,738
109,1,794
109,927,179
109,533,261
109,425,724
109,167,13
109,926,563
109,837,444
109,804,317
109,6,733
109,136,611
31,32,737
31,451,568
31,629,359
31,706,3
31,800,340
31,610,650
31,618,397
31,226,407
31,408,622
31,834,255
31,828,953
31,270,931
31,316,802
31,522,541
31,387,812
31,16,738
31,716,513
9,9,924
9,31,335
9,319,341
9,500,7
9,512,105
9,100,929
9,636,315
9,811,85
9,172,110
9,922,603
9,333,396
9,285,715
9,134,228
9,129,794
9,566,726
9,809,651
9,207,966
9,698,742
9,707,364
9,703,965
9,907,23
9,448,216
9,82,11
79,83,562
79,195,33
79,58,79
79,269,801
79,908,967
79,48,16
79,964,839
79,577,753
79,676,44
79,917,877
79,812,261
79,970,375
79,117,96
79,41,203
79,263,76
79,95,28
79,643,371
79,75,790
346,183,71
346,445,867
346,78,268
346,835,144
346,526,741
346,231,506
346,225,514
346,773,248
346,777,329
346,503,867
346,734,766
346,795,115
346,964,292
346,666,533
346,148,330
346,570,844
346,611,653
346,760,782
346,172,911
342,450,397
342,728,824
342,538,868
342,463,780
342,204,303
342,328,348
342,515,62
342,464,169
342,327,762
342,239,934
342,446,736
342,489,683
342,983,493
342,102,36
342,632,394
342,64,49
342,95,908
342,709,951
342,283,137
193,215,267
193,746,365
193,342,994
193,704,651
193,926,941
193,933,804
193,328,424
193,273,104
193,970,622
193,329,295
193,201,596
193,389,346
193,387,84
193,915,333
298,254,9
298,410,226
298,106,764
298,53,914
298,446,384
298,845,538
298,524,842
298,111,131
298,787,444
298,270,586
298,582,42
298,689,817
298,203,530
298,73,536
298,988,676
298,388,23
298,746,900
298,38,883
298,936,229
298,282,853
139,154,945
139,86,4
139,87,46
139,499,703
139,39,992
139,70,618
139,909,687
139,747,751
139,715,462
139,834,110
139,563,105
139,418,898
139,396,655
139,228,721
139,792,958
139,317,52
229,270,501
229,390,414
229,271,835
229,225,841
229,721,191
229,982,454
229,880,580
229,815,781
229,452,344
229,822,476
229,472,771
229,918,583
229,973,173
229,310,363
229,761,870
229,530,525
400,565,814
400,236,962
400,711,176
400,175,715
400,840,590
400,852,660
400,744,844
400,377,786
400,339,792
400,635,126
400,237,608
400,271,776
400,421,873
400,902,104
400,872,815
400,54,257
309,148,673
309,594,158
309,547,554
309,712,904
309,256,705
309,443,31
309,229,567
309,310,260
309,747,44
309,222,530
309,623,788
309,900,489
309,802,497
309,859,145
309,271,303
102,112,654
102,309,519
102,424,906
102,198,552
102,548,220
102,637,374
102,896,68
102,810,898
102,476,319
102,155,717
102,987,830
102,661,982
102,459,4
102,606,404
102,410,131
102,629,651
102,875,644
102,977,138
381,524,510
381,742,564
381,526,617
381,619,264
381,380,936
381,767,262
381,277,577
381,563,680
155,179,371
155,273,404
155,379,318
155,523,41
155,552,121
155,56,936
155,610,351
155,118,224
155,210,91
155,560,983
155,387,830
155,943,967
155,368,237
155,695,928
155,99,135
155,295,867
155,542,592
155,496,76
155,275,548
155,563,697
155,505,758
277,102,964
277,556,466
277,594,875
277,692,989
277,781,709
277,659,384
277,349,480
277,584,774
277,380,755
277,700,479
277,230,128
277,991,884
277,90,330
277,731,472
277,978,481
277,443,975
261,329,754
261,275,492
261,555,114
261,714,133
261,853,843
261,768,887
261,280,954
261,708,190
261,813,122
261,302,37
261,90,247
261,977,571
261,208,915
261,449,5
411,104,469
411,795,803
411,824,454
411,354,640
411,862,183
411,996,643
411,440,516
411,378,102
411,639,39
411,653,370
411,619,555
411,593,542
128,141,729
128,45,213
128,542,982
128,136,203
128,799,256
128,200,348
128,308,650
128,411,130
128,606,118
128,194,445
128,935,212
128,803,611
128,358,77
128,933,271
128,802,152
128,961,604
128,858,683
128,73,868
17,17,701
17,71,856
17,81,907
17,289,478
17,648,444
17,509,755
17,398,420
17,607,468
17,656,301
17,797,735
17,713,104
17,976,224
17,631,51
17,85,769
17,287,919
17,203,416
17,125,302
17,405,141
17,305,301
17,676,427
17,96,683
17,87,638
17,122,154
275,350,572
275,363,562
275,81,219
275,386,417
275,338,582
275,497,871
275,580,621
275,249,491
275,123,224
275,988,695
275,451,937
275,427,531
275,865,308
275,888,712
275,440,226
275,801,265
290,369,810
290,494,935
290,269,103
290,920,297
290,489,889
290,236,533
290,978,102
290,528,128
290,437,400
290,872,16
290,826,291
290,615,101
290,230,989
290,135,768
290,209,378
290,754,282
290,123,156
290,544,376
290,541,687
352,288,619
352,223,164
352,260,357
352,647,32
352,252,737
352,511,555
352,924,492
352,664,725
352,858,161
352,556,783
352,966,491
352,539,709
352,944,660
352,848,974
370,308,327
370,498,810
370,563,632
370,847,884
370,54,789
370,40,363
370,243,30
370,619,464
370,846,627
370,577,263
370,602,908
370,434,472
370,947,503
370,163,819
370,531,236
90,95,293
90,111,795
90,471,260
90,522,890
90,344,618
90,348,249
90,427,654
90,842,12
90,895,508
90,874,170
90,517,270
90,808,879
90,380,523
90,817,643
90,321,404
90,524,512
90,635,937
90,358,99
90,784,69
90,544,294
184,213,792
184,267,496
184,285,49
184,379,761
184,61,688
184,383,638
184,900,573
184,590,768
184,126,800
184,166,173
184,400,92
184,656,426
184,998,563
184,3,63
184,440,247
184,97,18
184,292,670
184,520,963
270,346,20
270,124,11
270,575,622
270,702,696
270,149,122
270,865,30
270,184,402
270,334,605
270,88,555
270,633,875
270,4,272
270,464,312
270,862,625
270,687,568
270,371,520
270,564,600
270,767,928
270,727,854
270,876,750
270,621,833
270,433,317
192,225,743
192,620,621
192,293,701
192,893,24
192,220,262
192,229,729
192,344,407
192,305,273
192,864,705
192,688,942
192,826,536
192,571,213
319,415,699
319,540,781
319,162,142
319,105,336
319,289,482
319,32,494
319,501,533
319,955,512
319,808,235
319,716,20
319,846,71
319,826,389
319,926,288
319,740,856
319,423,759
319,780,391
319,579,481
296,36,293
296,333,695
296,789,934
296,809,817
296,712,71
296,639,810
296,872,395
296,940,493
296,529,885
296,6,838
296,873,875
296,173,352
296,81,848
296,130,429
296,855,477
296,123,824
296,924,947
205,67,364
205,303,722
205,669,428
205,531,140
205,238,728
205,656,896
205,557,372
205,212,191
205,820,716
205,698,744
205,799,370
205,796,403
205,184,60
205,132,287
205,930,111
205,119,413
205,541,695
205,661,598
145,164,415
145,332,617
145,423,920
145,102,952
145,566,47
145,123,454
145,369,175
145,320,865
145,304,352
145,385,696
145,548,280
145,809,953
145,916,840
145,351,96
145,108,384
145,970,10
145,87,778
145,624,751
145,398,805
145,216,683
145,648,876
145,235,498
145,886,198
54,55,974
54,421,888
54,45,230
54,455,436
54,758,629
54,14,329
54,326,566
54,908,587
54,841,952
54,957,276
54,365,918
54,325,497
54,696,555
54,807,931
54,762,423
54,618,521
54,845,591
54,444,247
54,124,668
54,768,358
389,538,648
389,518,321
389,132,875
389,613,105
389,461,515
389,354,36
389,253,853
389,758,595
389,617,144
389,592,606
389,256,807
389,637,81
389,511,138
389,179,233
389,912,121
498,707,932
498,584,348
498,234,387
498,86,580
498,970,906
498,250,79
498,196,795
498,610,315
498,367,601
498,424,934
498,183,53
498,689,651
76,79,22
76,160,973
76,249,399
76,110,569
76,448,799
76,42,449
76,236,507
76,779,633
76,667,377
76,467,762
76,815,713
76,125,319
76,212,332
76,898,383
76,909,305
76,619,298
76,598,517
76,532,40
76,418,21
440,209,298
440,709,454
440,786,712
440,834,387
440,206,642
440,455,290
440,90,992
440,18,605
440,477,582
440,234,997
440,215,696
440,693,521
440,875,985
440,977,553
440,754,840
440,810,518
440,132,542
38,40,911
38,121,52
38,381,651
38,251,308
38,474,794
38,233,918
38,225,947
38,132,564
38,252,221
38,140,622
38,667,524
38,331,165
38,114,701
38,531,992
38,332,362
38,746,220
38,234,658
38,325,129
38,766,937
38,971,164
38,541,738
38,29,151
38,408,224
136,151,266
136,169,288
136,132,661
136,675,331
136,903,582
136,89,921
136,699,371
136,761,352
136,159,340
136,230,828
136,631,339
136,946,926
371,340,469
371,261,777
371,134,518
371,249,627
371,583,40
371,534,897
371,125,710
371,22,165
371,80,957
371,416,973
371,23,397
371,866,676
371,830,634
371,192,892
371,808,81
371,415,553
197,229,609
197,514,827
197,704,542
197,639,482
197,55,62
197,622,329
197,921,926
197,871,825
197,766,467
197,98,690
419,88,677
419,297,676
419,797,971
419,877,342
419,880,375
419,950,125
419,786,314
419,2,385
419,185,852
419,192,648
419,285,586
419,356,684
419,301,3
419,61,815
419,83,398
194,79,113
194,195,457
194,429,520
194,544,268
194,915,404
194,421,12
194,205,130
194,6,128
194,873,189
194,977,56
194,855,204
194,410,90
194,987,449
194,231,345
194,797,245
194,551,808
194,724,283
194,806,377
194,400,834
176,205,435
176,496,16
176,695,502
176,656,107
176,250,948
176,826,390
176,887,515
176,609,957
176,506,305
176,646,251
176,138,828
176,822,528
176,876,838
176,984,146
176,124,276
176,872,17
176,334,638
176,554,408
176,93,807
176,292,374
176,618,17
176,527,169
190,222,713
190,334,862
190,489,680
190,216,993
190,352,323
190,317,206
190,986,76
190,472,239
190,786,829
190,966,733
190,167,591
190,359,375
190,212,399
190,970,789
247,298,163
247,382,301
247,61,969
247,674,694
247,905,838
247,682,524
247,417,296
247,304,653
247,505,285
247,150,550
247,15,56
247,370,651
247,322,632
247,521,765
22,22,588
22,482,67
22,147,228
22,800,858
22,64,276
22,894,298
22,150,83
22,394,509
22,812,466
22,433,721
22,481,248
22,28,199
22,360,324
22,875,787
22,814,735
466,43,625
466,805,624
466,376,903
466,609,330
466,830,825
466,885,764
466,716,818
466,689,9
466,170,365
466,917,998
466,217,786
466,181,899
466,643,107
466,849,983
459,510,609
459,508,960
459,318,817
459,81,626
459,909,944
459,387,533
459,72,403
459,190,905
459,3,820
459,103,804
459,773,115
459,767,462
459,981,513
459,988,810
459,335,537
459,299,800
459,809,544
67,69,11
67,223,444
67,184,61
67,182,241
67,591,410
67,104,961
67,329,276
67,705,886
67,865,529
67,726,604
67,860,407
67,235,39
67,914,778
67,835,194
67,739,534
67,155,474
67,774,888
67,251,803
67,546,846
67,802,436
67,399,29
67,482,99
450,582,416
450,430,130
450,195,988
450,979,854
450,571,249
450,908,478
450,388,896
450,465,976
450,890,749
450,143,6
450,518,758
450,816,793
320,416,499
320,604,11
320,675,255
320,897,652
320,653,404
320,920,765
320,502,567
320,195,643
320,372,39
320,90,246
320,631,16
320,806,702
320,717,611
320,221,473
320,447,535
320,692,183
320,187,106
48,49,642
48,268,783
48,197,320
48,781,986
48,703,847
48,722,404
48,253,220
48,141,242
48,618,403
48,203,183
48,162,942
48,511,820
48,671,658
48,929,680
48,282,849
48,421,409
48,926,768
48,510,871
265,338,962
265,221,12
265,652,224
265,879,657
265,715,384
265,862,249
265,640,292
265,243,748
265,615,177
265,923,716
265,357,884
265,889,465
265,646,4
265,326,885
265,556,12
265,286,277
265,200,464
265,370,485
91,97,788
91,118,158
91,578,171
91,229,321
91,86,617
91,438,213
91,946,830
91,861,866
91,265,724
91,869,473
91,640,829
91,147,573
91,414,932
91,528,306
91,828,489
91,525,942
91,950,530
91,764,253
91,490,425
8,8,664
8,360,224
8,6,489
8,748,910
8,894,917
8,645,13
8,568,223
8,250,824
8,764,689
8,248,932
8,639,173
8,780,741
8,694,439
8,899,824
8,66,806
8,942,429
171,199,314
171,293,968
171,490,11
171,434,103
171,715,318
171,713,504
171,650,85
171,848,976
171,533,745
171,797,953
171,580,868
171,336,752
171,911,375
171,837,548
171,846,972
171,13,121
171,223,579
171,478,352
171,27,3
171,614,285
480,391,174
480,489,784
480,46,700
480,229,828
480,341,791
480,802,478
480,409,721
480,577,498
480,862,183
480,165,148
480,66,152
469,660,222
469,603,522
469,178,247
469,11,763
469,894,513
469,78,966
469,550,94
469,899,427
469,833,968
469,994,13
469,239,244
469,327,195
469,724,190
469,265,640
469,594,799
469,274,573
469,831,823
385,530,273
385,644,720
385,435,478
385,247,965
385,718,412
385,780,31
385,919,864
385,73,477
385,668,568
385,319,598
385,54,691
385,679,123
385,143,760
385,754,788
481,211,54
481,61,894
481,848,554
481,677,219
481,611,612
481,352,740
481,991,287
481,91,180
481,83,919
481,796,268
481,468,492
481,393,526
481,436,811
481,859,461
481,648,242
481,931,464
481,427,605
476,685,727
476,226,139
476,542,306
476,892,176
476,656,377
476,220,271
476,394,160
116,69,125
116,757,861
116,112,117
116,192,449
116,609,471
116,940,763
116,232,320
116,617,432
116,259,118
116,496,130
116,755,578
116,434,516
116,279,879
116,901,534
116,549,35
116,814,702
116,616,784
426,391,288
426,264,286
426,932,1
426,703,182
426,713,967
426,70,173
426,390,813
426,203,621
426,850,960
426,58,356
426,97,420
426,51,117
417,612,595
417,16,324
417,723,536
417,914,95
417,941,597
417,41,370
417,880,72
417,271,645
417,675,298
417,284,180
417,837,176
417,485,568
456,395,997
456,128,913
456,480,238
456,620,926
456,844,820
456,985,822
456,45,591
456,300,959
456,107,189
456,323,165
456,935,825
456,455,797
456,818,81
456,140,875
456,564,878
456,329,971
456,192,200
456,450,380
456,644,733
456,747,0
253,62,996
253,497,721
253,902,447
253,326,483
253,818,33
253,785,396
253,958,581
253,554,222
253,972,186
253,53,213
253,608,562
253,253,783
253,726,815
253,872,44
428,629,765
428,176,955
428,162,297
428,356,145
428,299,303
428,60,239
428,604,879
428,892,657
428,605,70
428,870,868
428,424,817
428,28,942
428,642,578
428,83,10
428,30,246
428,379,815
428,218,501
428,436,910
30,31,571
30,75,840
30,282,633
30,93,804
30,525,115
30,114,393
30,304,557
30,327,803
30,993,43
30,51,517
30,27,118
30,661,764
30,859,481
30,70,973
273,349,346
273,230,717
273,287,205
273,779,101
273,233,513
273,2,786
273,578,698
273,855,191
273,915,609
273,427,265
273,954,829
237,283,505
237,770,338
237,32,530
237,6,780
237,76,547
237,63,959
237,328,810
237,726,163
237,561,389
237,403,466
237,413,270
237,489,798
121,133,9
121,395,71
121,476,885
121,348,58
121,729,513
121,681,916
121,708,334
121,539,864
121,404,208
121,41,995
121,534,582
121,658,679
121,168,891
121,330,163
361,237,21
361,471,767
361,727,195
361,194,573
361,263,562
361,894,946
361,260,892
361,53,423
361,31,426
361,976,347
361,656,966
361,410,383
361,851,168
361,126,74
361,469,134
361,289,298
361,69,768
361,970,515
361,905,482
238,105,606
238,73,662
238,443,509
238,67,20
238,796,232
238,444,734
238,159,230
238,128,137
238,1,905
238,699,774
238,118,442
238,190,900
238,292,482
238,236,459
238,505,657
238,69,201
238,510,753
238,175,330
238,883,507
88,92,600
88,171,308
88,457,431
88,170,221
88,413,775
88,707,490
88,608,482
88,407,357
88,990,987
88,310,930
88,887,253
88,190,534
88,959,139
88,456,627
260,327,252
260,573,639
260,244,236
260,442,105
260,783,395
260,886,845
260,720,534
260,303,512
260,751,584
260,713,466
260,701,345
260,983,924
260,765,718
260,246,109
260,375,241
260,310,775
260,196,909
260,851,216
260,247,914
260,319,184
260,908,527
260,734,323
231,274,982
231,18,863
231,688,184
231,815,687
231,78,333
231,783,482
231,640,209
231,356,465
231,946,863
231,856,250
231,846,988
101,28,437
101,496,999
101,590,80
101,650,49
101,269,138
101,290,224
101,112,350
101,630,520
101,133,669
101,46,742
101,825,653
101,211,487
101,559,485
101,933,263
101,390,660
101,355,891
101,106,941
101,62,912
101,498,40
101,204,68
101,728,900
101,383,434
101,828,134
101,565,413
101,519,658
101,161,74
101,189,230
101,174,49
101,247,318
312,406,673
312,272,582
312,594,87
312,780,328
312,42,753
312,575,221
312,824,319
312,63,425
312,946,925
312,659,111
312,435,521
312,688,62
312,217,623
312,394,862
312,990,463
312,12,50
312,210,429
312,81,928
337,444,35
337,62,308
337,621,54
337,316,953
337,492,487
337,901,225
337,149,491
337,927,487
337,892,882
337,73,374
337,759,809
337,454,391
337,247,143
337,877,818
337,401,936
337,464,130
337,282,287
337,826,18
337,834,280
337,91,554
337,122,623
337,750,386
302,393,158
302,482,358
302,120,316
302,609,584
302,116,862
302,468,510
302,597,72
302,970,765
302,766,808
302,523,924
374,511,437
374,227,770
374,340,518
374,90,77
374,231,185
374,658,472
374,598,446
374,359,594
374,116,847
374,771,230
374,979,8
245,22,648
245,618,744
245,660,523
245,762,943
245,593,512
245,864,150
245,538,462
245,970,853
245,655,752
245,735,982
245,457,17
245,475,33
245,616,137
245,384,152
245,135,374
245,726,791
245,748,976
245,403,552
245,951,240
245,125,459
245,474,340
245,956,846
245,701,860
245,524,1
421,624,206
421,688,261
421,911,699
421,92,886
421,77,289
421,433,659
421,28,387
421,569,304
421,853,876
421,424,512
421,172,379
421,190,984
421,506,102
421,169,926
421,443,268
421,588,380
421,347,287
421,11,451
451,11,363
451,637,740
451,214,360
451,614,207
451,623,129
451,294,980
451,516,754
451,208,239
451,265,489
164,189,951
164,774,887
164,697,338
164,456,885
164,980,547
164,292,274
164,151,915
164,637,34
164,628,742
164,878,693
164,732,2
164,373,722
164,842,655
163,71,507
163,323,874
163,85,671
163,749,340
163,790,540
163,672,942
163,112,812
163,716,900
163,527,511
163,795,823
163,413,315
163,670,341
163,830,39
163,329,148
163,650,624
163,187,909
161,185,83
161,162,658
161,702,866
161,520,796
161,304,412
161,252,284
161,527,164
161,129,410
161,703,922
161,528,466
161,605,255
161,182,310
161,399,158
161,597,965
161,947,886
161,159,909
161,154,359
161,339,604
220,254,848
220,434,241
220,709,852
220,181,180
220,807,901
220,193,88
220,698,48
220,822,566
220,574,863
313,407,958
313,405,561
313,447,452
313,666,195
313,1,342
313,330,715
313,677,100
313,72,80
313,234,800
313,137,498
313,976,116
387,110,137
387,553,79
387,606,951
387,271,2
387,218,601
387,435,325
387,138,92
387,587,145
387,316,783
387,262,582
387,995,489
387,879,785
387,837,740
387,484,147
387,633,179
387,887,779
168,194,734
168,329,150
168,393,151
168,741,22
168,510,593
168,883,651
168,377,29
168,59,768
168,323,674
168,257,179
168,502,780
168,51,318
168,952,844
168,308,585
168,526,563
168,641,33
168,740,65
168,640,668
168,522,129
210,244,783
210,15,832
210,179,880
210,547,928
210,881,143
210,458,156
210,24,674
210,494,658
210,27,962
210,569,441
210,12,887
210,543,387
210,432,406
210,472,476
210,904,524
210,222,281
210,860,185
210,807,801
210,288,94
36,38,823
36,105,635
36,129,35
36,876,399
36,134,672
36,734,801
36,302,974
36,509,836
36,62,658
36,148,349
36,907,885
36,668,721
36,492,617
36,409,532
36,661,939
274,277,37
274,13,145
274,526,867
274,725,863
274,954,470
274,142,77
274,466,915
274,179,430
274,986,741
274,824,873
274,903,365
274,380,619
274,604,849
274,425,234
274,44,2
274,524,645
274,108,721
124,137,657
124,188,964
124,40,782
124,555,223
124,746,334
124,29,974
124,443,753
124,157,663
124,31,837
124,208,306
124,24,27
124,792,583
124,602,665
124,441,219
124,755,236
124,391,317
124,466,229
339,445,725
339,567,211
339,319,809
339,325,5
339,124,188
339,598,20
339,955,685
339,961,602
339,487,430
339,393,508
339,244,146
339,250,766
339,973,671
339,15,88
339,247,772
339,151,72
339,775,254
339,622,862
339,116,650
339,795,880
224,260,44
224,220,657
224,709,407
224,268,333
224,856,598
224,635,242
224,729,53
224,270,476
224,751,594
224,698,237
224,181,123
224,861,78
224,280,871
224,859,120
224,843,89
224,910,725
224,901,645
224,562,712
224,685,926
294,373,24
294,391,682
294,504,248
294,690,198
294,370,756
294,179,493
294,149,824
294,616,256
294,958,694
294,116,739
294,695,31
294,322,938
294,790,580
294,184,806
294,356,187
294,428,744
294,684,10
87,91,577
87,401,685
87,495,556
87,580,870
87,174,268
87,491,540
87,216,375
87,236,509
87,505,1
87,80,396
87,894,638
87,269,8
87,951,266
87,270,312
87,536,587
87,188,341
87,722,118
87,71,721
87,917,749
87,489,881
87,184,66
87,424,488
87,486,912
242,191,936
242,711,675
242,892,527
242,683,363
242,480,405
242,236,155
242,524,80
242,562,584
242,567,64
242,164,121
242,961,838
242,14,313
242,464,408
242,401,631
242,375,825
242,566,113
126,139,115
126,128,925
126,205,248
126,200,692
126,514,309
126,918,243
126,332,843
126,160,44
126,703,892
126,669,382
126,37,583
126,181,306
126,496,90
204,236,473
204,426,14
204,801,199
204,448,489
204,726,362
204,444,494
204,910,343
204,526,780
204,463,478
204,970,176
204,132,642
204,484,509
204,238,156
204,93,808
204,445,46
278,352,197
278,484,104
278,582,388
278,742,865
278,510,636
278,850,380
278,511,185
278,773,257
278,196,486
278,36,467
278,100,95
278,63,521
278,120,800
278,744,750
278,162,117
278,590,133
278,335,497
278,137,138
278,477,758
278,922,860
278,341,681
198,230,397
198,301,652
198,635,333
198,640,747
198,573,785
198,42,707
198,437,394
198,270,508
198,769,181
198,8,1
198,694,743
198,960,68
198,429,395
198,2,582
198,462,388
198,525,760
198,184,305
198,229,43
198,210,749
149,172,326
149,127,572
149,215,661
149,314,585
149,204,535
149,10,284
149,622,850
149,350,403
149,147,670
149,857,755
149,317,659
149,678,939
149,514,813
149,936,946
149,863,70
149,698,287
149,394,633
149,872,441
149,935,313
149,135,181
149,905,297
149,60,212
111,81,310
111,268,157
111,768,341
111,353,122
111,202,692
111,867,937
111,464,44
111,228,614
111,648,717
111,639,351
111,444,934
111,371,89
111,154,722
111,220,564
111,835,109
173,201,203
173,103,27
173,690,326
173,495,805
173,619,959
173,144,782
173,783,362
173,443,866
173,613,462
173,732,129
173,242,955
173,42,937
444,324,35
444,149,785
444,250,951
444,63,630
444,823,877
444,497,810
444,198,565
444,258,403
444,116,239
444,748,390
444,853,931
444,333,933
444,410,146
444,493,64
444,33,970
444,1,895
444,379,834
444,693,62
182,211,265
182,288,449
182,375,168
182,236,799
182,241,284
182,382,542
182,19,693
182,447,646
182,740,367
182,345,688
182,486,422
182,898,882
182,227,388
182,247,191
182,580,14
266,339,315
266,418,322
266,26,885
266,778,64
266,532,758
266,850,61
266,963,351
266,536,369
266,417,2
266,983,934
266,622,272
266,230,970
266,550,843
266,967,802
266,616,379
80,84,274
80,371,98
80,537,845
80,534,195
80,105,345
80,841,283
80,965,321
80,219,249
80,820,295
80,835,242
80,536,93
80,176,166
80,579,754
80,208,448
228,95,34
228,312,314
228,536,849
228,343,167
228,326,475
228,568,29
228,105,494
228,387,490
228,412,956
228,301,318
228,169,636
228,131,701
228,579,22
228,920,200
228,665,334
228,164,919
228,622,905
228,11,748
228,945,136
228,691,571
228,233,162
241,292,363
241,218,931
241,89,330
241,640,813
241,697,790
241,148,263
241,120,488
241,560,203
241,425,826
241,427,927
241,382,559
241,577,916
241,719,685
241,361,19
241,313,81
241,431,554
241,426,484
241,175,34
321,417,954
321,398,403
321,601,768
321,104,491
321,790,343
321,351,500
321,867,20
321,203,211
321,39,806
321,599,467
321,524,510
321,225,959
135,150,853
135,279,666
135,342,285
135,133,722
135,503,744
135,684,939
135,905,605
135,907,734
135,107,713
135,426,91
135,755,271
135,936,143
135,83,105
135,377,214
135,737,617
135,57,422
135,265,220
135,535,11
135,919,352
135,393,210
135,465,453
135,123,488
353,210,162
353,458,187
353,775,643
353,866,182
353,727,194
353,551,865
353,368,94
353,344,387
353,425,919
353,553,338
353,690,622
353,792,126
353,73,516
353,19,424
353,3,358
353,992,277
353,91,748
353,815,9
62,63,346
62,715,666
62,400,443
62,373,105
62,867,57
62,263,294
62,973,399
62,960,250
62,615,259
62,733,485
62,327,447
62,930,476
62,351,872
62,203,57
62,980,468
62,771,371
359,479,206
359,428,318
359,912,697
359,299,476
359,947,123
359,496,268
359,598,139
359,901,189
359,301,607
359,781,535
359,515,490
359,543,797
359,943,242
359,570,813
359,887,768
359,532,452
191,197,622
191,487,103
191,341,736
191,473,145
191,583,474
191,609,845
191,750,808
191,731,60
191,555,238
191,208,329
191,139,225
191,702,504
191,282,784
191,979,465
191,421,324
191,597,348
191,168,319
191,974,478
191,796,379
191,57,476
71,74,633
71,256,72
71,686,658
71,261,394
71,593,314
71,908,8
71,474,93
71,564,4
71,433,449
71,106,964
71,706,232
71,441,440
71,659,801
71,507,821
71,66,128
71,30,911
71,740,448
71,574,129
71,352,11
71,402,714
71,923,644
71,26,105
71,60,517
386,532,353
386,666,505
386,480,194
386,778,437
386,408,585
386,487,339
386,325,684
386,516,681
386,798,464
386,910,683
386,272,533
386,878,394
137,152,448
137,314,390
137,389,774
137,654,146
137,95,327
137,938,66
137,454,276
137,423,628
137,299,635
137,879,401
137,567,763
137,478,321
137,48,485
137,979,520
137,268,895
137,982,351
137,590,513
488,885,497
488,752,19
488,616,920
488,686,905
488,329,997
488,411,362
488,128,328
488,931,447
488,889,817
488,163,237
488,857,169
488,771,772
488,304,704
488,493,71
156,180,909
156,392,844
156,549,602
156,696,634
156,308,725
156,547,69
156,519,176
156,113,438
156,370,277
156,759,772
156,197,750
156,36,313
156,752,554
156,188,888
156,58,610
156,916,669
156,968,621
156,954,318
156,407,285
156,857,150
156,906,963
156,841,162
156,296,400
156,475,448
447,693,139
447,414,52
447,683,805
447,653,184
447,744,47
447,333,784
447,676,25
447,632,664
447,399,229
447,990,708
447,65,644
447,762,317
447,694,191
447,389,698
447,90,254
154,147,612
154,642,508
154,311,513
154,568,908
154,444,732
154,764,545
154,567,265
154,774,962
154,77,285
154,207,939
154,606,450
154,675,905
154,920,193
154,357,647
154,989,815
154,348,435
154,713,22
154,903,152
154,768,697
154,451,936
154,446,925
154,371,8
154,175,460
460,116,483
460,354,836
460,793,852
460,504,712
460,67,923
460,157,106
460,75,734
460,629,621
460,211,483
460,474,235
460,688,273
460,603,155
460,655,697
460,927,851
460,679,71
114,126,131
114,59,187
114,713,617
114,149,1
114,759,937
114,127,332
114,792,672
114,643,0
114,327,905
114,881,523
114,970,668
114,201,694
114,482,284
458,736,299
458,198,180
458,233,412
458,510,587
458,867,96
458,361,570
458,714,848
458,89,393
458,31,515
458,555,293
458,335,539
458,115,652
458,422,515
458,153,160
429,636,192
429,434,625
429,523,339
429,107,218
429,541,208
429,97,430
429,12,535
429,808,504
429,503,241
429,287,863
429,987,601
429,427,63
429,550,610
429,331,909
429,763,561
429,137,32
492,178,549
492,763,301
492,477,443
492,670,164
492,703,151
492,705,375
492,519,464
492,236,569
492,903,191
492,350,893
492,195,545
492,132,227
492,928,901
492,196,463
492,235,905
41,43,231
41,844,553
41,861,692
41,415,860
41,264,234
41,458,691
41,994,715
41,667,8
41,219,416
41,258,404
41,777,122
41,474,195
318,414,521
318,649,821
318,744,140
318,387,507
318,232,278
318,254,112
318,84,36
318,673,792
475,498,547
475,813,505
475,862,249
475,935,593
475,119,172
475,485,837
475,712,403
475,707,137
475,864,764
475,582,390
475,206,412
475,333,869
475,905,659
151,176,759
151,460,875
151,435,808
151,388,126
151,844,403
151,746,523
151,187,385
151,624,621
151,143,619
151,828,83
151,357,266
151,995,394
151,425,558
151,985,748
49,50,699
49,262,417
49,832,300
49,584,809
49,158,237
49,13,365
49,632,752
49,655,89
388,180,434
388,384,183
388,742,157
388,893,645
388,818,635
388,18,918
388,376,949
388,185,619
388,535,422
388,593,111
388,613,576
388,551,792
388,107,448
59,60,673
59,181,680
59,335,25
59,477,40
59,478,402
59,469,159
59,490,67
59,784,305
59,295,393
59,199,724
59,0,880
59,58,266
59,918,639
59,554,561
446,408,581
446,722,935
446,403,320
446,834,627
446,845,857
446,109,846
446,775,437
446,377,728
446,22,711
446,802,542
446,682,461
446,765,433
446,660,902
446,821,468
446,617,131
446,642,960
21,21,129
21,65,112
21,287,667
21,266,127
21,851,88
21,841,285
21,156,416
21,629,161
21,968,685
21,578,566
21,3,500
21,436,641
21,854,327
21,483,177
21,740,443
21,92,517
21,913,611
21,248,212
21,420,525
255,317,949
255,448,41
255,6,324
255,641,990
255,270,124
255,562,169
255,130,729
255,37,396
255,901,964
255,816,280
255,913,683
255,955,543
255,942,329
255,227,45
255,852,735
255,971,332
255,865,590
307,402,971
307,546,850
307,717,640
307,906,727
307,358,860
307,831,173
307,116,204
307,853,383
307,942,771
307,846,8
307,501,697
392,408,952
392,351,695
392,616,265
392,831,868
392,260,152
392,899,853
392,935,59
392,438,179
392,885,667
392,127,659
392,915,780
392,109,85
392,614,823
392,130,792
392,142,471
257,322,137
257,481,381
257,643,474
257,901,569
257,903,241
257,763,229
257,51,253
257,67,430
257,157,727
257,357,117
257,515,569
257,753,97
257,283,426
257,163,682
257,88,286
257,533,46
257,780,39
257,45,803
148,170,962
148,642,347
148,757,404
148,499,731
148,367,765
148,813,805
148,982,780
148,926,510
148,141,993
148,235,580
148,22,229
148,320,955
148,928,71
148,543,716
390,436,105
390,387,194
390,132,177
390,907,861
390,936,632
390,163,995
390,529,681
390,26,299
390,712,783
390,759,693
390,376,850
390,858,227
390,647,663
354,469,479
354,538,395
354,591,983
354,828,75
354,291,403
354,125,813
354,210,468
354,145,903
354,521,758
354,73,618
354,839,251
85,89,539
85,304,40
85,28,33
85,272,315
85,279,91
85,724,990
85,176,387
85,393,449
85,921,292
85,124,947
473,524,679
473,431,695
473,52,649
473,637,618
473,308,239
473,698,333
473,741,16
473,635,284
473,171,790
473,190,424
473,819,435
473,566,4
473,641,94
473,257,161
473,574,910
473,678,699
473,174,506
473,219,943
401,566,238
401,275,269
401,637,245
401,874,760
401,0,385
401,365,266
401,157,681
401,633,93
401,512,152
401,798,186
401,13,994
401,92,550
401,908,773
401,252,376
401,206,323
401,212,359
332,433,405
332,42,706
332,726,948
332,590,665
332,859,802
332,181,507
332,660,275
332,541,72
332,890,641
332,971,825
332,692,423
332,90,503
332,76,78
332,411,651
332,39,234
332,349,471
332,848,997
332,708,822
332,611,537
470,769,837
470,812,488
470,41,522
470,606,193
470,79,954
470,490,617
470,1,682
470,683,199
470,808,659
470,517,527
470,499,698
470,699,828
470,822,492
470,82,380
470,446,161
470,891,265
470,496,788
288,367,498
288,739,209
288,340,480
288,473,657
288,895,856
288,223,350
288,655,345
288,989,136
288,731,381
288,258,154
288,698,519
288,243,345
288,845,782
288,173,25
449,393,652
449,707,969
449,158,95
449,319,80
449,220,532
449,116,334
449,89,145
449,59,738
449,181,19
449,378,645
449,255,64
425,498,701
425,732,505
425,120,351
425,238,638
425,85,469
425,787,61
425,38,611
425,344,440
425,814,245
425,606,932
425,168,483
425,939,845
425,810,209
425,679,709
425,121,341
425,453,148
26,26,368
26,839,536
26,472,833
26,676,210
26,620,181
26,678,880
26,762,304
26,72,891
26,353,694
26,650,392
26,514,17
26,134,552
26,209,941
26,801,627
26,958,76
26,616,975
26,700,789
26,708,73
26,845,171
344,402,64
344,57,972
344,483,316
344,409,833
344,368,212
344,773,372
344,408,198
344,680,966
344,933,891
344,27,465
132,148,241
132,505,315
132,680,495
132,565,463
132,753,978
132,458,820
132,500,247
132,177,17
132,634,616
132,2,763
132,988,755
132,977,356
117,56,872
117,147,569
117,294,281
117,404,47
117,511,603
117,350,485
117,300,282
117,864,379
117,757,74
117,393,549
117,909,322
117,269,473
117,259,68
117,819,952
117,933,444
117,649,386
61,62,224
61,316,323
61,614,969
61,632,177
61,716,584
61,503,871
61,846,125
61,491,353
61,549,803
61,755,35
61,444,765
61,980,998
61,454,93
61,79,551
61,866,371
306,237,982
306,711,701
306,854,712
306,494,170
306,661,325
306,164,557
306,608,408
306,553,173
306,47,535
306,425,31
306,296,508
306,699,833
306,770,875
306,644,34
306,726,960
188,219,961
188,588,15
188,703,352
188,734,430
188,510,777
188,642,278
188,39,471
188,194,631
188,514,991
188,817,639
188,847,46
188,526,803
188,842,872
188,591,166
188,478,497
188,548,152
188,731,846
188,247,288
188,778,157
188,666,738
188,983,905
188,587,99
133,107,952
133,357,390
133,142,127
133,215,642
133,164,216
133,160,867
133,280,182
133,706,146
133,623,923
133,15,237
133,739,76
133,42,471
133,29,294
133,417,923
133,456,830
133,356,590
133,380,307
133,545,301
133,964,708
206,239,315
206,286,266
206,110,809
206,623,508
206,281,425
206,555,398
206,346,488
206,160,581
206,44,601
206,558,779
206,341,812
206,177,331
206,317,389
206,566,198
206,144,33
206,690,88
206,901,961
452,701,317
452,750,104
452,472,885
452,74,913
452,675,834
452,611,385
452,237,828
452,128,331
452,514,593
452,290,687
452,322,856
452,899,787
452,268,423
452,677,949
395,372,347
395,19,955
395,329,145
395,740,355
395,640,122
395,76,131
395,942,85
395,400,174
395,806,172
395,446,870
395,858,586
395,390,404
395,616,213
395,720,316
395,579,391
395,747,989
308,112,911
308,662,24
308,740,773
308,290,181
308,843,995
308,327,41
308,231,812
308,178,448
308,767,905
308,645,731
308,862,619
308,649,131
308,908,389
308,917,217
308,107,121
308,65,792
308,390,150
424,292,623
424,764,5
424,565,689
424,626,249
424,661,757
424,144,677
424,132,229
424,609,418
329,213,848
329,258,377
329,941,659
329,283,324
329,753,711
329,307,385
329,657,688
329,348,944
329,762,203
329,38,704
329,181,751
329,663,220
329,476,549
329,621,172
399,561,119
399,429,654
399,369,668
399,159,259
399,728,630
399,708,577
399,172,375
399,278,377
399,180,194
399,689,375
399,814,598
399,939,792
399,701,855
399,920,44
399,754,462
399,609,805
399,799,342
4,4,950
4,210,449
4,345,551
4,364,827
4,386,886
4,472,143
4,480,963
4,418,258
4,588,373
4,51,413
4,242,649
4,826,300
4,677,619
4,67,398
4,463,614
4,211,582
4,277,798
4,37,853
82,86,804
82,50,700
82,222,600
82,861,388
82,280,7
82,616,406
82,48,14
82,329,30
82,355,904
82,981,895
82,145,435
82,142,640
82,234,63
82,726,635
82,702,691
82,274,984
82,645,574
82,748,66
82,423,189
75,78,290
75,127,365
75,402,61
75,42,380
75,866,458
75,647,893
75,681,962
75,0,924
75,771,265
75,966,201
75,709,340
75,400,65
75,913,309
75,26,731
75,977,215
75,772,159
75,198,776
75,401,979
75,18,526
3,3,91
3,113,350
3,50,337
3,145,104
3,314,63
3,431,555
3,844,571
3,688,717
3,437,559
3,971,225
3,966,328
3,860,104
3,864,289
3,702,715
3,934,301
3,822,987
3,947,574
3,760,792
3,981,818
214,243,124
214,613,482
214,295,54
214,76,896
214,961,329
214,449,627
214,453,671
214,231,728
214,466,368
214,829,897
214,145,539
214,337,720
214,823,141
214,403,709
214,96,147
214,436,763
29,29,490
29,564,726
29,625,680
29,519,120
29,35,943
29,344,408
29,677,758
29,849,672
29,391,63
29,437,282
29,552,689
29,529,645
29,411,407
29,223,302
44,28,937
44,265,218
44,171,672
44,652,703
44,660,528
44,200,197
44,309,214
44,69,74
44,610,228
44,36,751
44,515,653
44,572,405
44,512,947
44,194,563
44,953,646
44,163,241
44,560,208
44,727,148
147,168,367
147,196,534
147,233,424
147,348,405
147,304,413
147,118,845
147,945,540
147,54,89
147,31,327
147,832,738
147,452,923
147,110,573
147,635,868
147,927,18
147,546,408
147,475,689
147,741,931
147,654,124
147,482,833
147,30,518
166,192,776
166,602,631
166,661,31
166,148,919
166,700,706
166,144,470
166,317,981
166,502,25
166,485,900
166,855,773
166,138,766
166,918,357
166,674,829
166,440,560
166,796,45
166,193,793
166,489,274
166,723,780
166,111,409
166,382,631
166,501,667
166,280,701
166,404,548
166,589,324
19,19,117
19,30,484
19,83,287
19,597,248
19,918,501
19,369,915
19,482,95
19,806,716
19,270,204
19,498,972
19,462,2
19,815,757
19,831,705
19,487,42
19,315,676
19,680,407
19,194,580
19,777,800
19,150,572
19,46,935
311,170,907
311,574,57
311,123,396
311,152,890
311,185,423
311,5,966
311,623,308
311,128,266
311,919,923
311,582,162
311,106,9
311,705,249
311,473,971
311,89,560
311,641,171
311,211,793
311,225,990
170,198,94
170,300,510
170,181,415
170,766,320
170,690,869
170,775,921
170,780,442
170,106,689
170,189,196
170,263,157
170,606,373
170,718,840
170,797,328
170,495,10
170,790,953
170,388,887
170,541,391
160,181,64
160,598,206
160,368,146
160,890,190
160,656,271
160,259,142
160,208,949
160,802,155
160,641,42
160,629,980
160,360,407
160,790,510
97,107,939
97,563,177
97,450,141
97,616,617
97,53,997
97,843,454
97,756,548
97,915,892
97,716,890
97,453,580
97,105,909
97,109,38
142,159,646
142,290,472
142,351,658
142,77,942
142,628,635
142,143,284
142,456,138
142,336,272
142,883,829
142,806,500
142,295,121
142,558,946
142,702,733
142,442,868
142,607,236
142,105,893
68,70,734
68,206,219
68,394,584
68,467,783
68,341,626
68,44,266
68,857,754
68,375,376
68,485,952
68,848,82
68,598,179
68,309,7
68,804,606
68,499,780
68,202,641
68,572,176
68,243,643
68,170,451
68,970,305
68,825,73
376,517,922
376,614,558
376,410,289
376,605,747
376,730,542
376,814,584
376,244,178
376,555,694
376,370,355
376,778,603
376,782,816
376,467,103
376,591,576
376,409,174
376,28,524
50,51,603
50,241,503
50,387,538
50,667,623
50,313,549
50,403,870
50,26,705
50,37,328
50,149,502
50,111,570
50,986,580
50,94,262
50,732,301
50,651,712
50,287,83
50,982,937
50,339,417
50,322,642
65,67,842
65,311,898
65,342,121
65,799,94
65,97,995
65,838,347
65,679,381
65,812,319
65,742,686
65,234,44
65,504,535
65,392,202
65,965,93
65,253,216
65,624,509
65,608,290
65,194,430
65,295,864
65,566,299
65,741,165
65,423,489
65,993,119
65,369,659
65,19,7
95,103,207
95,116,694
95,763,758
95,326,612
95,377,870
95,87,781
95,84,329
95,211,434
95,69,395
95,50,401
95,296,976
95,62,640
95,973,261
95,187,479
95,743,870
95,163,589
218,252,690
218,276,70
218,873,882
218,835,96
218,292,505
218,489,893
218,964,841
218,50,545
218,621,661
218,802,282
218,875,479
218,707,688
218,468,649
218,858,319
70,73,403
70,413,157
70,516,725
70,626,493
70,573,10
70,617,336
70,923,896
70,500,290
70,165,966
70,749,502
70,518,711
70,729,317
70,862,935
70,2,603
70,833,360
70,981,791
70,830,392
70,193,97
70,349,478
70,49,396
70,138,747
70,674,399
70,440,716
70,930,46
357,473,265
357,622,755
357,707,394
357,601,150
357,737,357
357,784,397
357,428,2
357,776,717
357,977,517
357,348,470
357,363,963
357,484,527
357,95,528
357,381,35
357,897,289
357,158,455
357,445,214
357,947,410
391,268,948
391,557,491
391,172,211
391,777,344
391,836,746
391,288,669
391,641,901
391,878,11
391,398,451
391,727,566
391,519,421
391,188,1
362,26,267
362,759,851
362,628,608
362,388,785
362,117,881
362,36,248
362,287,253
362,691,335
362,547,401
362,233,192
362,855,678
362,903,934
207,240,489
207,687,251
207,781,536
207,678,562
207,196,178
207,149,756
207,176,297
207,828,506
207,235,881
207,697,130
207,590,418
207,937,327
207,69,663
207,94,476
207,851,890
207,481,761
207,683,413
207,778,170
207,631,222
499,405,883
499,903,323
499,23,916
499,310,410
499,447,662
211,245,163
211,584,636
211,25,379
211,140,327
211,17,168
211,575,904
211,706,626
211,12,308
211,498,461
211,639,601
291,370,134
291,200,448
291,328,64
291,576,862
291,274,806
291,404,6
291,395,154
291,390,895
291,27,830
291,716,543
291,245,765
291,939,569
291,538,151
291,994,429
291,839,443
213,247,430
213,659,6
213,311,357
213,858,441
213,40,762
213,909,983
213,831,2
213,691,341
213,372,313
213,254,184
213,723,827
213,670,219
213,232,222
213,489,638
213,376,808
179,208,338
179,15,825
179,442,587
179,386,615
179,116,821
179,97,980
179,101,431
179,643,600
179,735,190
179,253,470
179,284,148
179,235,537
179,734,612
179,800,203
146,167,805
146,183,435
146,426,160
146,727,244
146,195,187
146,474,643
146,231,663
146,112,66
146,410,384
146,265,771
146,530,714
146,467,567
146,506,173
146,250,865
146,785,109
51,52,573
51,165,581
51,703,571
51,304,720
51,685,872
51,570,990
51,278,858
51,806,60
51,613,145
51,785,652
51,263,340
51,459,681
51,230,356
51,987,873
51,55,369
51,928,341
51,647,993
51,730,398
51,691,94
51,348,17
51,962,904
51,716,749
51,175,597
51,59,982
269,343,862
269,288,372
269,579,826
269,690,65
269,464,530
269,282,672
269,310,584
269,119,329
269,7,608
269,314,943
269,775,463
269,993,556
269,460,153
269,102,788
20,20,30
20,162,621
20,344,752
20,658,997
20,181,941
20,210,91
20,643,901
20,860,636
20,85,972
20,887,378
20,812,396
20,180,423
20,723,49
366,499,699
366,649,416
366,638,650
366,566,357
366,341,796
366,321,174
366,386,66
366,925,418
366,69,736
366,993,731
366,936,301
366,45,193
366,937,976
366,107,272
366,489,544
98,108,85
98,143,163
98,435,322
98,281,693
98,591,727
98,350,898
98,61,167
98,133,210
98,346,268
98,849,412
98,84,91
98,402,637
98,36,384
98,401,71
98,551,13
98,712,821
98,266,429
98,850,575
98,502,121
98,605,661
98,744,590
98,183,29
98,24,755
98,889,926
98,208,152
279,353,588
279,95,566
279,169,620
279,903,82
279,622,568
279,844,289
279,887,893
279,473,804
279,979,752
279,517,293
279,138,972
279,761,916
279,721,449
279,884,913
279,31,528
279,902,416
279,669,6
292,348,941
292,535,539
292,324,878
292,409,837
292,418,419
292,275,711
292,748,249
292,299,520
292,355,532
292,841,832
292,766,562
292,570,759
292,770,445
292,884,985
493,619,575
493,820,662
493,529,961
493,251,752
493,190,399
493,487,931
493,125,449
493,2,84
493,888,64
493,342,523
16,16,221
16,201,811
16,714,941
16,101,983
16,69,811
16,184,724
16,722,758
16,810,660
16,21,545
16,177,196
16,834,631
16,194,431
16,239,513
244,296,397
244,431,473
244,464,370
244,564,671
244,676,231
244,705,28
244,423,315
244,142,989
244,873,336
244,179,58
244,470,667
244,647,944
244,744,897
244,100,824
244,439,503
244,509,101
244,415,989
244,880,121
244,815,497
244,533,131
244,751,486
244,870,987
380,310,409
380,49,255
380,273,427
380,626,713
380,18,617
380,338,764
380,694,622
380,431,136
380,747,355
380,494,507
380,697,811
380,839,486
380,1,3
380,282,429
380,805,318
380,576,407
254,310,853
254,283,316
254,393,717
254,340,63
254,401,643
254,372,500
254,227,204
254,452,440
254,771,905
254,504,232
254,551,802
254,774,660
254,444,404
254,41,893
254,295,169
222,258,996
222,372,465
222,384,440
222,611,823
222,148,205
222,848,476
222,102,369
222,618,367
222,216,175
222,168,963
222,809,539
222,141,563
222,567,181
222,743,307
222,668,711
222,837,883
222,201,224
222,331,360
222,255,273
222,126,234
222,638,69
341,328,724
341,503,533
341,519,651
341,367,998
341,837,886
341,214,118
341,456,999
341,926,756
341,826,526
341,682,382
341,527,124
341,898,124
341,466,630
341,428,746
341,644,526
341,37,471
341,429,844
341,198,205
341,510,706
341,404,784
439,623,805
439,705,148
439,735,819
439,223,23
439,849,230
439,791,918
439,708,86
439,85,420
439,321,817
439,781,130
439,535,415
439,824,569
439,57,256
439,314,671
439,499,20
439,969,967
439,950,942
439,75,613
10,10,691
10,172,763
10,253,82
10,285,459
10,613,234
10,814,722
10,512,650
10,968,408
10,945,254
10,820,919
10,878,618
10,391,934
10,353,483
10,192,123
10,865,682
10,476,580
10,666,18
10,427,966
10,27,967
10,356,30
10,807,590
10,932,757
10,500,94
432,643,83
432,755,23
432,495,114
432,298,159
432,205,287
432,263,961
432,552,671
432,299,150
432,28,884
432,830,324
432,579,167
432,845,270
432,170,940
432,974,402
432,929,866
432,20,27
303,396,778
303,405,48
303,116,17
303,633,741
303,689,589
303,857,260
303,66,702
303,206,288
303,851,117
303,63,921
303,930,192
303,696,73
303,318,94
303,109,0
303,155,947
303,86,612
303,913,587
303,970,502
303,726,69
303,53,804
303,600,335
248,299,495
248,492,986
248,505,944
248,576,765
248,785,872
248,377,650
248,535,402
248,909,504
248,122,843
248,247,211
248,699,341
248,855,252
248,250,427
248,692,463
248,531,485
248,707,465
248,187,818
248,347,488
248,654,745
248,623,800
248,70,653
363,141,833
363,420,13
363,270,275
363,392,597
363,949,125
363,611,419
363,846,400
363,596,739
363,138,377
335,440,894
335,447,549
335,209,987
335,203,407
335,860,276
335,913,653
335,926,310
335,367,623
335,210,431
335,29,823
335,49,849
335,348,566
335,694,993
335,266,652
335,632,261
335,644,827
335,100,170
335,11,290
412,151,94
412,597,822
412,89,854
412,348,658
412,525,498
412,535,755
412,281,989
412,509,644
412,693,765
412,118,374
412,398,264
412,34,387
412,826,567
412,933,278
412,728,289
412,684,306
412,291,254
412,507,54
412,820,964
412,561,629
412,679,190
412,256,243
412,210,207
325,425,372
325,539,267
325,162,299
325,416,837
325,952,35
325,738,685
325,314,434
325,147,782
325,397,486
325,210,487
325,101,70
325,194,950
325,64,696
325,379,487
217,251,313
217,266,292
217,593,637
217,474,746
217,130,49
217,415,922
217,654,728
217,109,837
217,632,850
217,145,676
217,815,341
217,32,296
217,55,500
217,190,57
217,924,559
217,849,897
217,976,159
217,423,341
28,28,454
28,257,404
28,559,168
28,527,146
28,396,996
28,528,269
28,889,994
28,802,301
28,878,649
28,256,238
28,424,669
28,156,552
28,716,910
28,823,348
28,859,612
28,48,881
28,599,625
28,970,342
28,882,372
28,457,606
28,675,653
28,193,805
53,54,934
53,204,490
53,286,302
53,207,786
53,844,863
53,192,163
53,134,96
53,941,120
53,840,401
53,127,485
53,456,341
53,75,641
53,235,149
413,601,800
413,3,582
413,72,943
413,464,975
413,360,286
413,719,665
413,823,978
413,539,640
413,589,54
413,381,530
413,628,276
413,915,725
413,197,500
413,713,776
413,612,816
471,111,628
471,23,143
471,197,443
471,65,477
471,282,645
471,10,516
471,885,254
471,488,421
471,495,503
108,121,613
108,491,589
108,211,366
108,634,973
108,460,459
108,737,51
108,221,852
108,76,172
108,156,270
108,666,48
108,454,793
108,158,513
108,561,399
108,761,556
108,469,359
108,958,95
108,871,401
108,798,385
108,161,543
32,33,673
32,11,490
32,269,829
32,280,344
32,377,568
32,507,359
32,135,266
32,402,102
32,90,786
32,256,519
32,844,455
32,430,799
32,524,823
32,649,188
32,482,980
32,191,466
32,861,333
32,400,22
32,883,907
32,896,196
32,611,460
32,893,411
32,790,595
129,142,407
129,257,176
129,155,871
129,885,479
129,245,845
129,539,945
129,74,126
129,118,221
129,27,855
129,836,522
129,909,787
129,56,476
129,795,342
110,122,43
110,646,644
110,469,329
110,204,636
110,668,335
110,960,73
110,537,856
110,90,374
110,753,499
110,730,886
110,948,544
110,45,187
462,650,67
462,600,673
462,441,252
462,191,436
462,529,872
462,122,170
462,720,748
462,451,662
462,740,818
462,825,46
462,417,355
462,883,931
462,43,47
467,470,492
467,583,263
467,223,123
467,942,421
467,964,800
467,376,575
467,973,509
467,712,995
467,751,955
467,102,703
467,933,357
467,473,393
467,140,462
467,48,867
467,785,164
467,437,561
467,977,711
467,893,579
467,512,772
467,865,971
467,155,970
467,244,910
467,491,974
72,76,246
72,17,419
72,82,724
72,390,930
72,459,324
72,176,95
72,682,516
72,684,505
72,503,944
72,969,103
72,915,336
72,677,690
72,544,786
72,895,557
72,586,387
72,789,766
72,686,362
72,642,377
72,227,46
72,703,293
72,213,340
72,326,672
286,365,982
286,129,905
286,686,927
286,572,612
286,918,939
286,464,3
286,816,737
286,268,253
286,571,991
286,657,824
286,55,229
286,952,833
286,814,309
286,947,779
286,801,627
286,925,840
286,360,179
286,703,623
99,109,807
99,381,951
99,573,583
99,908,283
99,498,118
99,957,339
99,500,71
99,334,732
99,806,191
99,786,517
99,366,13
99,392,222
99,831,898
216,250,919
216,436,632
216,376,707
216,653,846
216,505,220
216,168,659
216,422,921
216,635,708
216,795,912
216,603,636
216,466,183
216,37,911
216,777,173
216,10,961
216,161,337
216,47,906
216,36,506
375,515,125
375,619,755
375,637,392
375,33,779
375,347,249
375,129,63
375,10,919
375,405,453
375,527,411
375,147,133
375,120,414
106,120,433
106,744,117
106,556,162
106,112,103
106,87,749
106,27,110
106,175,611
106,471,940
106,672,304
106,457,184
106,730,809
106,706,777
106,680,949
106,742,51
106,251,935
106,329,313
324,422,764
324,798,942
324,928,862
324,556,851
324,620,641
324,41,254
175,203,117
175,447,772
175,133,710
175,601,889
175,591,515
175,580,11
175,84,694
175,202,562
175,798,682
175,288,723
175,300,418
175,501,860
175,129,126
175,104,304
175,244,897
175,762,782
175,7,358
175,612,918
175,837,443
175,558,809
201,232,818
201,356,164
201,243,235
201,827,806
201,665,940
201,373,303
201,951,826
201,979,6
201,745,395
201,692,966
201,169,749
201,669,990
201,649,37
201,900,309
448,351,886
448,101,477
448,659,451
448,156,941
448,128,945
448,54,818
448,669,567
448,233,282
448,372,383
448,86,339
185,214,650
185,203,922
185,537,866
185,173,25
185,1,449
185,328,805
185,195,671
185,652,838
185,762,839
185,601,202
185,556,838
185,385,534
185,370,32
185,952,670
195,227,485
195,64,245
195,502,375
195,691,76
195,382,679
195,579,576
195,3,469
195,435,48
195,606,165
195,715,47
195,415,83
195,627,24
195,574,529
195,384,787
397,197,985
397,633,16
397,447,312
397,761,653
397,760,906
397,383,663
397,34,803
397,229,263
397,804,413
397,147,966
397,950,887
397,415,377
397,918,164
397,540,235
397,696,925
397,66,796
397,395,152
397,322,255
397,891,325
397,899,263
397,399,941
203,235,932
203,430,830
203,334,203
203,161,402
203,167,30
203,429,915
203,784,241
203,857,1
203,477,594
203,109,448
203,224,420
203,54,452
372,506,418
372,761,471
372,464,123
372,469,829
372,849,858
372,973,833
372,712,717
372,955,112
372,947,163
372,19,714
372,512,894
372,111,128
372,818,94
372,810,906
372,965,736
372,579,22
317,332,51
317,88,870
317,148,874
317,162,968
317,279,60
317,54,573
317,587,781
317,89,903
317,331,19
317,909,964
317,765,153
317,313,445
317,220,740
317,922,391
317,352,885
317,553,652
295,376,244
295,62,811
295,174,657
295,135,249
295,428,188
295,749,110
295,860,915
295,714,712
295,617,965
295,17,947
295,350,403
295,919,412
295,946,897
295,690,64
263,336,754
263,296,638
263,492,845
263,353,13
263,855,499
263,921,824
263,963,384
263,388,678
263,401,333
263,136,76
263,728,105
263,614,140
263,968,836
263,673,952
263,829,463
263,819,248
427,192,825
427,639,907
427,367,929
427,830,981
427,249,153
427,769,352
427,975,33
427,973,364
427,725,510
427,570,3
427,792,520
427,631,97
112,124,953
112,400,825
112,665,959
112,787,167
112,530,999
112,817,625
112,834,852
112,220,405
112,499,456
112,267,106
112,247,280
112,26,623
112,19,388
112,213,273
112,129,139
112,872,630
358,475,342
358,585,598
358,520,379
358,447,83
358,796,962
358,727,581
358,143,13
358,993,202
358,507,450
358,160,672
358,734,238
150,175,639
150,397,37
150,5,982
150,491,693
150,321,864
150,1,241
150,221,268
150,980,642
150,753,933
150,582,403
150,796,355
150,521,637
150,993,302
150,509,668
150,843,983
150,395,326
150,346,501
150,572,424
482,798,174
482,326,324
482,874,126
482,759,54
482,9,526
482,547,23
482,333,63
482,182,152
482,546,128
482,821,717
482,736,185
482,523,458
482,596,775
482,822,358
482,958,965
415,196,496
415,630,15
415,35,674
415,624,949
415,17,676
415,236,701
415,235,273
415,358,874
415,546,985
415,6,753
415,558,925
415,188,452
415,511,299
415,525,919
415,539,906
415,578,71
415,764,346
415,662,873
415,952,460
415,909,745
415,833,969
415,93,241
415,790,783
415,973,500
202,234,360
202,548,936
202,64,400
202,699,104
202,440,616
202,78,665
202,827,131
202,593,23
202,521,872
202,739,582
202,41,920
202,797,13
202,169,678
202,977,49
202,73,505
202,381,355
202,860,238
236,280,35
236,342,61
236,146,731
236,167,58
236,508,742
236,545,46
236,370,464
236,894,400
236,740,948
236,27,354
236,796,5
236,209,502
236,900,133
236,676,410
236,467,691
236,847,798
236,989,438
351,462,203
351,513,834
351,237,383
351,165,820
351,602,286
351,657,756
351,161,344
351,743,268
351,167,905
351,349,550
351,443,84
351,481,962
351,664,941
351,28,698
351,35,921
351,763,26
351,339,826
351,435,842
351,487,407
351,760,622
351,673,591
351,107,984
463,630,946
463,710,548
463,11,431
463,80,717
463,739,4
463,594,547
463,590,903
463,816,565
463,388,358
463,273,450
463,847,936
463,950,107
463,754,716
463,239,367
463,778,372
463,232,463
243,173,452
243,501,806
243,381,944
243,719,233
243,242,521
243,153,930
243,823,434
243,813,437
243,284,447
243,360,199
243,915,302
243,148,744
243,351,778
243,873,48
243,457,200
243,421,15
243,888,910
243,420,445
243,531,787
243,390,622
403,298,327
403,165,33
403,272,159
403,87,168
403,766,299
403,601,349
403,54,908
403,400,921
403,59,552
486,670,964
486,701,244
486,265,895
486,40,692
486,847,191
486,991,216
486,714,776
486,669,173
486,362,946
486,660,37
183,212,890
183,460,347
183,323,77
183,167,425
183,832,971
183,261,871
183,439,106
183,368,72
183,975,948
183,509,845
183,36,68
183,383,615
183,172,110
183,62,633
183,597,529
183,572,454
183,862,893
183,449,173
78,81,363
78,216,832
78,694,375
78,424,252
78,403,274
78,470,664
78,102,452
78,884,771
78,389,135
78,14,72
78,204,517
78,387,909
37,39,63
37,174,115
37,8,788
37,128,261
37,744,167
37,18,363
37,400,59
37,963,874
37,505,237
37,414,652
37,954,577
37,519,971
37,418,667
297,302,597
297,494,305
297,551,283
297,127,319
297,27,570
297,728,368
297,168,710
297,502,273
297,75,777
297,860,669
297,559,137
297,772,571
297,938,817
297,436,798
297,825,686
107,110,151
107,295,44
107,315,740
107,474,652
107,104,250
107,221,162
107,267,924
107,280,261
107,791,376
107,448,53
107,383,480
107,900,622
107,679,79
107,418,283
107,920,668
89,94,283
89,476,956
89,489,943
89,372,863
89,482,225
89,395,240
89,2,856
89,698,408
89,33,956
89,888,672
89,237,382
89,866,236
89,352,463
89,635,960
89,567,288
355,470,781
355,468,898
355,757,952
355,92,351
355,106,910
355,407,118
355,241,558
355,866,905
355,186,985
355,646,68
355,854,899
355,508,617
355,354,833
355,327,322
355,944,947
355,2,550
355,774,4
436,665,89
436,274,121
436,172,916
436,101,522
436,305,853
436,974,922
436,854,713
436,957,807
436,993,786
436,501,989
25,25,805
25,223,699
25,461,229
25,965,207
25,601,285
25,619,72
25,654,838
25,672,526
25,597,93
25,661,660
25,563,102
25,687,545
25,721,192
25,559,972
25,835,653
477,816,730
477,583,1
477,241,325
477,804,605
477,508,618
477,575,549
477,850,908
477,480,897
477,960,987
477,588,338
477,748,719
431,639,734
431,816,539
431,878,756
431,339,510
431,819,813
431,504,352
431,243,407
431,392,740
431,128,936
186,215,667
186,536,272
186,679,378
186,15,65
186,704,825
186,645,76
186,630,823
186,255,812
186,974,881
186,811,489
186,883,242
186,488,171
186,897,482
186,146,431
186,681,189
186,365,260
186,584,802
186,824,799
310,403,610
310,251,126
310,249,350
310,670,972
310,582,881
310,851,371
310,565,394
310,254,887
310,958,280
310,952,624
310,142,734
310,526,698
310,902,973
310,625,463
310,998,666
310,656,505
310,458,736
364,26,55
364,221,394
364,638,217
364,715,807
364,726,123
364,839,654
364,690,541
364,434,36
364,883,52
364,958,238
364,669,676
364,823,671
364,903,829
364,417,712
364,27,924
364,462,235
364,800,842
364,947,762
364,321,567
364,650,838
364,59,117
2,2,34
2,115,170
2,549,212
2,105,998
2,888,199
2,899,673
2,942,494
2,196,409
2,635,583
2,438,553
2,147,264
2,968,843
2,96,10
382,352,814
382,581,311
382,385,915
382,176,316
382,751,712
382,891,292
382,470,668
382,935,992
382,394,703
382,594,392
382,182,74
382,832,792
382,742,973
382,168,782
382,136,637
382,855,598
382,109,612
382,865,910
232,275,443
232,276,921
232,506,620
232,19,701
232,391,922
232,102,895
232,279,307
232,257,435
232,14,31
232,15,49
232,33,260
232,256,72
232,650,0
232,358,507
232,415,109
232,166,428
232,940,401
232,918,609
127,140,408
127,224,836
127,315,736
127,864,294
127,883,305
127,947,421
127,794,944
127,776,97
127,964,871
127,579,925
127,260,125
127,25,835
181,191,319
181,147,363
181,231,73
181,618,751
181,381,357
181,716,808
181,586,53
181,314,238
181,290,855
181,722,494
181,442,77
181,125,333
181,920,50
94,102,221
94,146,207
94,271,48
94,426,938
94,569,331
94,748,5
94,590,370
94,704,905
94,45,255
94,690,918
94,588,293
94,397,794
94,341,455
484,571,451
484,547,184
484,877,928
484,966,745
484,654,830
484,833,689
484,342,388
484,56,500
484,582,259
484,390,480
484,230,186
484,131,217
73,72,833
73,114,226
73,20,5
73,273,19
73,885,931
73,783,657
73,416,132
73,705,1
73,868,821
73,662,166
73,568,800
73,997,259
73,420,460
73,463,419
73,758,33
212,246,476
212,183,466
212,531,617
212,88,318
212,673,935
212,50,432
212,691,491
212,385,643
212,579,22
212,777,568
212,752,889
212,807,754
212,967,132
212,292,998
212,505,369
212,731,159
230,272,700
230,403,811
230,408,374
230,532,570
230,485,111
230,455,758
230,969,264
230,460,928
230,936,163
230,218,287
230,258,824
230,523,271
230,331,458
230,115,333
438,654,574
438,403,118
438,138,300
438,657,973
438,148,754
438,396,832
438,881,617
438,816,459
438,190,105
438,6,474
438,529,796
438,681,64
438,98,449
438,540,829
438,308,384
46,47,240
46,226,550
46,68,331
46,108,503
46,115,766
46,770,327
46,952,276
46,571,934
46,790,973
46,527,6
46,617,27
46,543,99
46,884,518
46,519,359
46,557,775
46,929,133
377,518,954
377,285,805
377,715,680
377,781,396
377,491,56
377,192,950
377,876,533
377,956,897
377,794,271
377,926,481
377,300,730
377,820,294
377,621,289
377,969,490
377,729,655
377,922,848
330,64,691
330,542,541
330,814,758
330,130,512
330,226,268
330,284,467
330,683,564
330,231,925
330,839,859
330,500,274
330,18,984
330,699,750
330,44,663
330,680,806
330,178,694
330,938,338
330,960,427
56,57,208
56,93,951
56,173,684
56,84,433
56,390,665
56,706,180
56,465,787
56,922,730
56,318,848
56,877,391
56,678,517
56,756,122
56,653,620
56,432,949
360,483,34
360,26,610
360,132,35
360,3,566
360,550,377
360,578,834
360,560,545
360,595,895
360,358,659
360,121,562
360,617,734
360,969,565
360,905,335
69,72,569
69,99,200
69,304,2
69,201,582
69,642,670
69,904,987
69,136,776
69,720,146
69,664,231
69,751,491
69,237,380
69,261,636
345,354,497
345,138,783
345,66,122
345,654,723
345,635,255
345,587,265
345,1,730
345,506,970
345,91,320
345,5,746
345,908,584
345,714,802
345,664,192
422,345,498
422,699,786
422,895,853
422,827,209
422,275,594
422,153,62
422,776,252
422,150,98
422,811,321
422,112,714
422,618,985
422,914,993
422,997,744
422,614,814
422,132,887
422,151,390
422,518,300
472,16,689
472,924,937
472,75,327
472,133,785
472,761,694
472,767,876
472,364,139
472,888,552
472,795,377
472,861,370
280,310,271
280,383,162
280,391,870
280,359,998
280,32,171
280,82,591
280,540,96
280,988,940
280,519,137
7,7,838
7,158,432
7,166,80
7,599,118
7,205,285
7,254,407
7,22,559
7,949,129
7,822,540
7,480,777
7,653,294
7,42,44
7,686,336
159,184,757
159,595,725
159,171,398
159,26,659
159,165,883
159,822,517
159,488,368
159,373,901
159,416,918
159,431,592
159,450,887
159,295,20
159,866,437
159,807,152
159,397,922
159,516,619
159,560,871
159,370,150
159,928,302
159,107,514
159,518,631
40,42,755
40,82,16
40,122,714
40,883,590
40,493,780
40,718,94
40,483,439
430,638,639
430,417,969
430,714,94
430,453,441
430,685,585
430,873,704
430,243,120
96,104,692
96,159,346
96,210,542
96,252,548
96,361,347
96,387,638
96,222,119
96,601,380
96,849,896
96,113,580
96,11,777
96,649,276
96,75,873
96,813,572
96,242,597
96,690,855
96,562,316
96,173,340
96,20,685
96,4,952
435,610,360
435,31,359
435,231,425
435,134,661
435,809,926
435,136,218
435,376,2
435,131,276
435,967,625
435,837,564
435,96,52
435,910,776
435,5,275
435,69,612
435,803,577
326,427,34
326,405,935
326,304,285
326,544,65
326,662,298
326,241,60
326,122,185
326,719,814
326,866,700
326,856,32
326,419,276
326,483,509
326,797,8
326,440,45
326,518,453
326,875,245
441,668,510
441,666,624
441,216,321
441,150,201
441,294,530
441,704,978
441,514,197
441,351,504
441,488,232
441,2,767
441,114,178
441,288,137
441,539,336
441,309,164
441,774,76
441,42,224
441,276,299
441,656,705
441,947,208
441,318,888
453,195,720
453,723,360
453,784,522
453,382,992
453,724,8
453,532,241
453,51,410
453,63,806
453,761,462
453,765,654
453,327,851
453,254,285
453,266,359
453,52,209
283,360,334
283,753,404
283,573,666
283,913,237
283,569,250
283,512,566
283,336,409
283,980,27
283,677,969
283,215,757
283,382,528
283,141,901
14,14,283
14,15,202
14,190,313
14,549,814
14,16,497
14,456,299
14,418,331
14,203,926
14,898,279
14,567,183
14,643,360
14,804,390
14,99,677
14,989,958
14,806,850
14,441,776
14,503,651
14,565,692
14,298,868
180,209,857
180,337,619
180,334,617
180,535,553
180,482,942
180,5,587
180,409,437
180,807,373
180,915,636
180,111,617
180,561,15
180,58,327
180,957,468
180,798,16
180,855,949
180,74,757
180,818,965
180,2,167
180,868,26
172,200,880
172,194,415
172,525,498
172,51,250
172,621,236
172,197,986
172,271,584
172,914,492
172,414,428
172,776,313
172,473,307
172,535,650
172,151,283
172,2,404
141,157,362
141,352,143
141,40,714
141,19,860
141,676,91
141,762,808
141,151,208
141,600,776
141,892,529
141,682,132
141,535,392
141,333,121
141,518,961
141,775,504
141,473,137
141,633,594
141,14,263
141,836,181
369,502,513
369,683,80
369,408,387
369,806,629
369,230,910
369,532,178
369,848,443
369,984,448
369,115,785
369,158,623
369,957,394
369,524,530
369,96,681
234,144,439
234,520,395
234,796,612
234,615,429
234,213,771
234,163,386
234,917,647
234,562,332
234,154,622
234,841,397
234,354,287
234,358,570
234,303,867
234,773,977
383,527,793
383,543,148
383,942,411
383,967,740
383,906,188
383,896,564
383,62,485
383,363,321
383,594,479
383,986,103
383,275,560
383,444,224
383,139,713
383,298,284
383,510,413
383,406,969
233,276,21
233,181,182
233,498,272
233,819,363
233,162,601
233,772,375
233,3,236
233,593,234
233,255,538
233,788,136
233,232,557
233,140,691
233,157,188
433,441,943
433,150,333
433,20,155
433,731,646
433,300,229
433,111,470
433,873,501
433,878,575
433,163,449
433,876,806
433,687,856
433,648,854
433,339,530
433,417,101
433,867,851
433,427,299
12,12,843
12,497,485
12,511,296
12,274,585
12,687,380
12,794,911
12,20,928
12,507,491
12,694,492
12,227,799
12,423,137
12,679,214
12,339,305
12,240,261
12,204,889
12,623,48
12,668,132
167,193,715
167,320,146
167,436,375
167,458,976
167,307,71
167,500,990
167,910,819
167,757,531
167,138,705
167,240,254
167,93,38
167,963,940
167,602,216
167,831,351
167,352,604
167,289,974
167,704,10
167,221,799
284,362,482
284,384,814
284,33,824
284,533,941
284,235,953
284,100,938
284,173,737
284,566,576
284,169,324
284,775,870
284,585,318
284,702,65
284,571,240
284,982,120
284,195,144
284,481,838
284,693,889
284,926,269
284,298,299
284,881,840
284,309,519
284,841,913
478,695,772
478,108,69
478,116,970
478,307,208
478,799,934
478,992,49
478,58,503
478,157,645
478,700,506
478,240,219
55,56,677
55,655,834
55,684,185
55,756,168
55,252,744
55,823,660
55,416,867
55,137,560
55,306,989
55,276,180
55,733,553
55,169,100
55,729,447
55,724,468
55,849,963
55,473,781
55,980,400
55,863,277
58,59,984
58,600,108
58,486,124
58,6,113
58,743,61
58,176,15
58,207,93
58,626,665
58,773,221
58,274,670
58,566,717
58,854,675
58,247,299
58,899,32
58,500,156
58,936,678
58,415,816
58,243,532
256,321,848
256,333,561
256,342,775
256,856,719
256,596,777
256,666,847
256,802,269
256,622,201
256,892,562
256,222,453
256,330,590
256,521,157
256,329,19
256,745,11
256,306,433
256,110,882
256,705,541
256,514,271
256,474,880
256,289,906
256,327,238
251,305,214
251,258,452
251,608,479
251,712,314
251,661,145
251,77,163
251,521,27
251,973,915
251,351,192
251,415,329
251,926,941
251,379,425
251,592,571
251,633,679
251,966,155
461,435,442
461,330,990
461,400,351
461,174,849
461,293,703
461,559,604
461,856,548
461,335,14
461,178,745
461,886,458
461,62,688
461,862,765
461,251,351
461,453,748
461,220,185
461,982,927
461,0,267
461,91,457
461,773,538
461,247,538
461,521,764
461,558,580
461,689,175
461,702,813
305,399,827
305,222,934
305,519,145
305,415,478
305,748,664
305,390,49
305,364,671
305,942,23
305,578,305
305,861,930
305,214,37
305,676,763
305,197,596
305,862,259
443,307,590
443,421,587
443,130,447
443,468,731
443,197,598
443,923,39
443,624,905
443,79,771
443,180,646
443,30,61
443,324,274
187,218,20
187,237,181
187,917,541
187,869,670
187,87,170
187,740,923
187,314,351
187,371,265
187,231,542
187,712,958
187,597,463
187,688,760
187,816,51
187,146,230
187,15,896
187,776,244
39,41,883
39,30,361
39,183,899
39,173,334
39,160,774
39,531,802
39,80,42
39,625,430
39,259,76
39,79,606
39,731,428
39,829,436
39,809,133
39,957,827
39,930,482
39,254,360
39,990,591
39,140,905
39,494,277
39,744,454
39,86,620
39,411,231
39,772,720
39,489,714
39,48,69
13,13,369
13,155,792
13,33,473
13,138,89
13,646,179
13,635,437
13,297,339
13,361,403
13,780,481
13,909,237
13,782,22
13,989,195
13,610,933
13,867,529
13,982,457
13,981,466
378,521,250
378,535,143
378,485,34
378,357,466
378,782,842
378,44,296
378,288,915
378,0,432
378,474,234
378,420,260
378,399,109
378,541,371
378,196,77
378,589,761
378,910,530
378,511,451
378,110,743
378,33,202
378,598,919
378,78,152
378,961,300
378,972,470
378,395,400
105,119,471
105,186,947
105,247,232
105,842,716
105,648,263
105,392,535
105,132,822
105,167,579
105,477,207
105,746,279
105,306,87
105,91,66
105,977,178
105,296,679
105,198,492
105,98,183
105,992,734
105,361,316
105,289,971
105,476,549
81,85,957
81,355,130
81,493,705
81,303,908
81,896,279
81,190,839
81,392,158
81,230,402
81,586,433
81,787,657
81,489,974
235,278,164
235,688,918
235,833,289
235,881,232
235,326,511
235,269,44
235,14,90
235,396,394
235,32,667
140,156,497
140,76,404
140,324,483
140,663,41
140,420,296
140,401,990
140,277,665
140,20,722
140,878,120
140,427,70
140,72,901
140,313,194
140,621,182
140,46,938
140,873,608
140,800,795
140,648,113
140,860,585
1,1,816
1,313,131
1,331,901
1,506,490
1,338,567
1,602,636
1,272,925
1,843,153
1,853,851
1,417,476
1,330,846
1,350,136
1,586,3
1,557,894
1,745,546
1,535,93
1,642,658
1,910,941
1,949,54
384,529,78
384,743,630
384,144,966
384,8,265
384,636,329
384,35,792
384,522,383
384,694,458
384,499,196
384,37,101
384,510,611
384,145,96
268,341,358
268,529,697
268,577,356
268,705,112
268,295,739
268,440,10
268,520,135
268,151,994
268,257,999
268,789,50
268,333,281
47,48,139
47,188,683
47,459,51
47,268,75
47,737,4
47,667,842
47,125,39
47,832,62
47,799,755
47,413,658
47,106,243
47,63,485
47,767,872
47,892,294
47,159,506
47,788,722
47,499,523
24,24,811
24,101,832
24,106,157
24,547,52
24,289,563
24,388,574
24,160,32
24,174,86
24,651,861
24,306,285
24,225,318
24,376,417
24,555,751
24,737,197
24,120,156
130,144,927
130,242,493
130,507,336
130,198,312
130,232,693
130,641,441
130,156,305
130,247,74
130,432,295
130,445,529
130,221,283
130,206,628
130,257,817
130,753,943
130,9,799
300,388,353
300,468,228
300,335,1
300,617,511
300,305,165
300,19,649
300,274,877
300,702,247
300,966,626
300,628,853
300,249,837
300,858,297
15,15,497
15,100,569
15,220,309
15,641,80
15,10,23
15,576,54
15,906,328
15,76,893
15,812,331
15,86,92
15,967,347
15,62,938
15,598,722
15,627,318
15,383,281
15,668,354
15,971,413
15,98,496
15,511,263
15,574,271
165,191,895
165,452,20
165,122,815
165,246,362
165,113,691
165,671,148
165,741,353
165,839,328
165,519,310
465,685,841
465,679,855
465,509,164
465,281,496
465,689,762
465,840,17
465,143,337
465,565,673
465,308,764
465,983,67
465,184,937
465,847,706
465,304,2
465,368,131
465,152,979
465,478,898
465,160,992
196,228,25
196,438,925
196,485,249
196,106,83
196,116,997
196,79,44
196,681,899
196,50,588
196,738,674
196,278,265
196,478,484
196,602,849
196,827,360
196,73,717
196,367,954
66,68,660
66,123,493
66,97,430
66,137,777
66,681,650
66,399,936
66,870,521
66,931,63
66,944,665
66,368,842
66,891,438
66,135,559
66,371,397
66,799,828
66,204,284
66,592,392
66,923,980
66,938,383
66,492,499
93,99,619
93,104,614
93,28,78
93,872,839
93,158,85
93,530,508
93,734,926
93,786,62
93,338,611
93,328,551
93,351,635
93,356,507
93,312,785
379,71,404
379,381,546
379,712,332
379,630,761
379,570,796
379,89,313
379,355,362
379,644,881
379,163,421
379,911,288
379,418,425
379,477,736
379,557,645
379,472,387
379,930,475
379,503,617
379,298,832
379,526,955
379,770,490
379,567,302
379,834,167
379,409,28
379,685,160
349,273,957
349,504,895
349,587,455
349,135,191
349,669,590
349,246,660
349,212,946
349,713,361
349,517,79
349,99,762
349,598,67
349,690,950
349,216,850
349,184,503
349,577,85
349,434,768
349,88,701
349,465,159
349,15,667
349,774,785
349,335,903
349,493,872
349,832,511
349,351,818
331,432,833
331,183,486
331,466,32
331,91,164
331,392,336
331,78,160
331,769,865
331,513,443
331,770,913
331,991,174
331,524,912
331,606,505
331,207,269
331,826,863
331,731,69
331,569,152
331,163,55
331,456,818
83,87,122
83,60,234
83,359,340
83,385,442
83,141,272
83,825,586
83,828,47
83,216,634
83,153,556
83,776,765
83,533,312
83,559,190
83,881,356
83,72,18
83,839,21
83,856,356
83,774,845
219,253,440
219,741,523
219,768,354
219,731,336
219,803,60
219,3,384
219,732,419
219,63,534
219,849,770
219,900,279
219,587,482
219,802,672
219,344,188
219,409,847
219,223,393
174,202,521
174,218,732
174,437,658
174,645,367
174,344,880
174,803,859
174,527,946
174,740,969
174,0,580
174,356,941
174,234,837
174,811,921
174,689,149
174,178,156
174,734,975
497,433,922
497,167,928
497,117,694
497,263,975
497,171,267
497,819,574
497,878,637
497,699,816
497,707,960
414,603,29
414,206,924
414,318,880
414,742,164
414,98,257
414,555,685
414,479,535
414,759,764
414,577,762
414,280,38
414,640,331
414,698,326
414,487,918
414,902,202
134,149,545
134,222,694
134,146,216
134,125,256
134,301,795
134,261,748
134,653,210
134,299,459
134,242,965
134,31,838
134,549,473
134,219,852
134,204,525
134,622,294
134,167,792
315,409,146
315,274,978
315,361,69
315,184,258
315,867,764
315,582,641
315,525,78
315,2,505
315,900,244
315,455,706
315,894,6
315,521,215
315,831,787
315,74,551
408,208,84
408,164,312
408,866,331
408,67,414
408,220,690
408,715,15
408,221,822
408,933,372
408,989,315
408,708,312
408,929,137
408,758,939
408,425,188
408,576,530
408,426,985
408,435,876
408,849,738
408,275,557
122,134,673
122,652,692
122,711,800
122,25,352
122,592,934
122,760,768
122,572,756
122,750,324
122,419,812
122,196,368
122,46,875
27,27,70
27,720,372
27,792,975
27,467,491
27,93,743
27,916,328
27,450,936
27,734,300
27,956,207
27,560,64
27,752,1
27,424,927
27,954,463
27,700,423
285,94,595
285,217,584
285,60,273
285,563,476
285,213,141
285,682,939
285,79,905
285,203,588
285,154,724
285,207,460
285,74,685
35,37,276
35,263,599
35,463,297
35,657,170
35,196,912
35,299,912
35,466,981
35,660,266
35,913,307
35,348,337
35,174,91
35,235,693
35,506,288
35,892,824
35,825,766
35,691,958
35,613,88
35,5,240
35,760,157
35,55,489
35,996,251
239,289,987
239,392,68
239,396,323
239,868,603
239,919,194
239,911,193
239,164,58
239,86,462
239,326,81
239,511,592
239,180,984
239,345,320
239,27,882
239,894,441
239,491,638
239,96,528
262,168,823
262,308,10
262,271,649
262,2,408
262,898,660
262,1,673
262,465,364
262,955,344
262,427,552
77,80,68
77,55,453
77,96,368
77,452,548
77,353,229
77,534,645
77,206,913
77,835,854
77,869,111
77,783,492
77,402,617
77,389,458
77,144,496
77,605,540
77,231,17
77,576,491
77,971,538
77,911,341
442,673,580
442,848,358
442,863,807
442,823,325
442,612,873
442,471,61
442,158,138
442,757,754
442,194,687
442,989,526
442,581,160
442,672,762
442,586,898
442,589,97
347,454,915
347,568,101
347,596,197
347,463,552
347,93,199
347,326,820
347,80,307
347,798,884
347,931,37
347,430,737
347,562,469
347,6,985
347,909,7
347,227,790
347,380,647
347,54,680
347,73,274
347,984,79
347,250,42
347,486,970
347,885,496
18,18,742
18,290,493
18,392,76
18,640,35
18,752,327
18,346,881
18,841,954
18,66,874
18,500,625
18,934,646
18,26,416
18,446,292
84,88,821
84,378,674
84,408,486
84,295,786
84,651,511
84,678,470
84,738,799
84,356,846
84,699,54
84,401,555
84,806,820
84,477,485
84,426,112
84,938,661
84,513,617
84,675,141
84,647,588
84,562,851
348,455,185
348,671,884
348,148,12
348,515,774
348,706,588
348,123,151
348,647,315
348,547,673
348,472,763
348,888,140
348,546,201
348,418,776
348,747,780
348,82,719
348,333,665
348,405,503
252,306,38
252,485,394
252,432,101
252,384,916
252,679,771
252,342,94
252,264,191
252,675,832
252,645,471
252,262,678
252,444,60
252,923,263
252,878,147
252,849,488
252,30,655
301,389,406
301,550,775
301,112,928
301,53,970
301,803,912
301,634,711
301,271,513
301,386,824
301,527,735
301,587,650
301,782,877
301,841,305
301,504,355
301,671,163
301,401,109
301,853,338
301,728,472
301,125,883
301,608,892
223,259,31
223,489,533
223,589,40
223,714,104
223,319,26
223,572,178
223,27,498
223,755,756
223,20,415
223,667,649
223,691,975
223,447,669
223,799,578
223,963,496
223,172,22
334,439,216
334,554,679
334,223,690
334,483,243
334,196,469
334,67,210
334,312,70
334,392,615
334,239,442
334,30,854
334,706,768
334,902,695
334,408,639
334,199,743
334,864,962
334,451,698
334,895,694
334,346,340
334,678,147
334,318,527
334,379,425
334,897,968
334,647,209
334,922,154
334,134,94
334,441,486
334,882,253
119,131,285
119,689,919
119,44,648
119,126,414
119,453,70
119,888,86
119,917,98
119,499,530
119,939,125
119,899,425
119,567,326
119,217,678
119,815,786
119,388,26
119,565,295
103,117,862
103,136,915
103,486,294
103,576,798
103,432,736
103,435,84
103,429,15
103,390,981
103,573,623
103,884,299
103,513,378
103,947,168
103,663,827
103,304,343
103,975,843
103,292,89
103,354,94
103,502,584
103,331,131
177,2,854
177,466,294
177,452,888
177,291,491
177,962,682
177,317,531
177,66,654
177,340,153
177,337,794
177,124,388
177,458,643
177,720,558
5,5,8
5,36,271
5,684,424
5,328,153
5,224,55
5,972,551
5,806,700
5,203,426
5,313,991
5,316,842
5,850,395
5,869,710
5,416,403
5,439,595
367,252,84
367,160,110
367,411,419
367,291,886
367,861,580
367,199,954
367,610,693
367,589,276
367,676,989
367,159,865
367,99,391
367,293,765
367,790,622
367,5,895
367,231,738
367,415,511
367,503,918
367,487,181
367,839,31
367,344,227
367,274,882
367,520,634
404,471,699
404,772,187
404,136,706
404,490,429
404,936,163
404,347,189
404,843,637
404,339,334
404,501,735
404,369,779
404,204,131
404,560,357
404,412,522
404,295,719
404,756,836
281,358,310
281,725,882
281,107,357
281,813,856
281,490,973
281,237,971
281,584,795
281,991,722
281,330,911
281,453,767
281,38,887
281,273,105
281,663,535
304,21,633
304,404,558
304,664,296
304,737,727
304,934,757
304,542,659
304,512,62
304,624,177
304,739,539
304,924,321
304,566,126
304,821,418
304,374,273
304,75,906
304,417,660
304,811,406
304,309,571
434,564,525
434,700,6
434,347,41
434,938,840
434,232,710
434,215,28
434,634,263
434,48,416
434,472,492
434,978,85
434,460,948
485,785,388
485,39,504
485,760,420
485,556,154
485,459,217
485,302,681
485,413,829
485,509,275
420,507,645
420,804,990
420,154,525
420,117,798
420,715,693
420,607,256
420,364,724
420,600,770
420,647,461
420,976,205
420,530,502
420,53,342
420,750,136
420,591,415
420,119,291
420,153,206
420,457,196
264,295,647
264,437,362
264,80,64
264,760,772
264,390,579
264,455,790
264,885,307
264,555,2
264,445,461
264,764,920
264,517,566
264,953,999
264,200,155
264,671,169
264,225,153
264,486,943
264,20,216
396,265,257
396,410,899
396,204,661
396,791,125
396,693,457
396,988,369
396,644,405
396,810,816
396,694,397
396,334,419
396,783,689
402,216,625
402,510,561
402,334,113
402,817,52
402,559,34
402,364,361
402,37,465
402,532,307
402,941,821
402,525,796
402,105,735
402,731,320
402,804,28
402,604,828
402,17,657
402,590,14
402,247,841
402,816,541
402,123,678
316,411,71
316,666,276
316,266,344
316,591,563
316,55,961
316,459,413
316,395,295
316,428,173
316,241,654
316,538,617
316,556,712
316,805,955
316,131,910
316,902,489
316,610,35
316,204,849
316,104,455
316,33,46
316,362,796
483,180,593
483,753,599
483,724,738
483,179,51
483,615,892
483,343,567
483,267,458
483,252,428
483,68,593
483,213,424
483,785,455
483,906,385
483,116,700
483,855,832
483,679,464
418,613,159
418,715,385
418,17,381
418,19,138
418,838,721
418,54,570
418,32,688
418,322,813
33,34,473
33,318,446
33,647,216
33,690,168
33,281,31
33,609,258
33,591,231
33,171,612
33,728,541
33,444,296
33,342,680
33,533,862
33,154,506
33,980,517
33,724,385
33,233,270
33,310,199
336,299,926
336,8,43
336,339,283
336,497,844
336,925,754
336,959,767
336,267,151
336,914,193
336,604,842
336,379,104
336,49,498
336,271,768
336,175,155
336,662,834
336,64,685
336,578,869
250,304,799
250,307,777
250,331,562
250,753,165
250,748,443
250,78,132
250,590,711
250,585,851
250,75,511
250,786,254
250,772,512
250,261,283
250,103,461
45,46,772
45,308,585
45,567,860
45,884,123
45,797,10
45,319,717
45,130,57
45,638,7
45,972,552
45,320,20
45,920,953
45,655,848
457,733,742
457,738,412
457,257,865
457,24,346
457,881,753
457,315,179
457,140,717
227,265,177
227,571,108
227,752,410
227,767,452
227,80,919
227,407,123
227,853,988
227,886,605
227,717,640
227,384,796
227,426,993
227,359,258
227,556,678
86,90,589
86,534,963
86,553,263
86,801,718
86,235,913
86,166,834
86,242,567
86,3,155
86,279,291
86,612,535
86,36,894
143,161,769
143,798,767
143,879,659
143,905,11
143,325,339
143,827,876
143,159,304
143,938,731
143,279,4
143,610,301
143,693,117
169,197,332
169,456,152
169,159,141
169,708,849
169,738,767
169,331,391
169,821,689
169,647,90
169,161,28
169,649,644
169,518,509
169,775,136
169,129,2
169,543,918
169,955,372
169,484,521
169,847,737
169,818,831
169,757,627
169,342,884
63,64,488
63,297,983
63,815,234
63,710,232
63,842,854
445,189,489
445,417,491
445,638,533
445,352,601
445,536,466
445,852,496
445,625,970
445,389,330
445,651,828
445,267,692
158,182,168
158,582,594
158,72,329
158,754,57
158,381,175
158,242,100
158,133,818
158,648,670
158,867,297
158,111,334
158,427,197
158,204,512
158,148,6
158,333,745
158,972,158
158,136,487
407,59,833
407,713,9
407,925,684
407,895,726
407,671,22
407,313,236
407,530,758
407,315,51
407,619,344
423,155,62
423,467,978
423,315,169
423,554,885
423,153,351
423,686,142
423,855,151
423,344,44
423,836,20
423,758,702
423,864,455
423,728,759
423,642,149
423,877,732
423,935,730
423,853,281
423,869,428
423,126,194
322,419,271
322,745,16
322,776,692
322,273,941
322,882,384
322,681,793
322,929,50
322,721,151
322,426,753
322,498,748
322,446,588
322,935,380
322,609,736
322,574,280
322,145,406
322,135,580
125,138,271
125,281,757
125,372,740
125,83,888
125,374,395
125,278,609
125,771,313
125,946,323
125,593,241
125,947,797
125,140,550
125,43,707
125,598,515
125,658,76
125,884,77
368,425,248
368,348,46
368,395,34
368,267,482
368,447,658
368,453,195
368,627,374
368,875,802
368,331,853
368,473,302
368,220,794
368,176,928
368,59,736
368,939,70
368,582,905
368,116,160
368,1,830
323,420,167
323,79,748
323,528,239
323,291,272
323,487,329
323,495,9
323,806,475
323,749,870
323,905,760
323,959,565
323,681,743
323,271,941
323,773,609
323,589,802
323,884,440
323,473,889
323,326,585
323,153,634
57,58,550
57,59,177
57,216,368
57,44,376
57,33,733
57,460,748
57,789,328
57,341,226
57,558,16
57,957,184
57,679,783
57,993,352
57,314,835
57,590,86
57,836,187
57,236,876
57,409,524
57,747,633
57,597,405
199,231,888
199,374,575
199,449,956
199,453,408
199,664,663
199,719,501
199,341,2
199,810,52
199,229,372
199,367,883
199,557,243
199,316,662
199,420,803
199,451,294
199,822,863
199,198,896
199,898,784
199,226,813
199,599,25
23,23,763
23,354,396
23,366,163
23,130,627
23,593,12
23,324,209
23,868,955
23,780,553
23,81,44
23,945,578
23,93,966
23,229,856
23,420,581
23,514,623
23,415,981
23,942,693
23,792,586
23,305,110
23,311,528
23,986,776
23,660,496
23,416,761
494,27,873
494,72,344
494,391,733
494,296,264
494,481,981
494,864,686
494,847,162
494,221,241
494,21,973
494,867,841
494,994,208
494,81,671
494,944,371
494,620,359
494,569,653
494,275,178
494,757,487
494,892,760
373,508,999
373,18,63
373,685,466
373,484,87
373,290,437
373,826,686
373,353,659
373,854,156
373,552,411
373,630,491
373,3,603
373,864,935
373,736,598
373,64,472
373,258,922
373,38,252
373,232,514
373,32,803
373,615,710
373,214,224
373,239,17
373,972,813
373,320,392
373,785,935
299,383,881
299,398,936
299,265,151
299,820,313
299,629,324
299,674,633
299,686,625
299,565,817
299,528,533
299,28,509
299,258,672
299,914,299
271,347,925
271,66,284
271,170,940
271,130,840
271,695,844
271,730,519
271,394,113
271,349,611
271,605,401
271,653,522
271,839,904
271,241,479
271,885,183
271,955,614
271,952,765
271,128,294
271,4,107
271,594,17
215,248,707
215,182,375
215,325,927
215,327,565
215,546,129
215,664,728
215,87,556
215,601,117
215,159,880
215,912,232
215,780,470
215,684,375
215,168,120
215,838,985
215,748,968
215,4,706
215,456,921
215,553,500
215,476,97
215,281,923
215,229,696
215,103,27
215,633,573
215,362,436
144,163,587
144,277,687
144,114,16
144,719,408
144,60,938
144,788,932
144,800,843
144,258,743
144,384,575
144,283,831
144,361,100
144,765,900
144,897,901
144,22,499
144,955,595
144,545,64
144,403,34
144,643,673
144,249,383
74,77,995
74,184,1
74,470,684
74,119,135
74,827,848
74,857,391
74,471,487
74,360,959
74,658,508
74,887,883
74,557,614
474,407,189
474,948,398
474,637,255
474,470,393
474,696,94
474,345,448
474,700,660
474,581,415
474,23,396
474,953,258
474,408,533
489,898,792
489,122,180
489,365,671
489,602,210
489,164,765
489,391,421
489,459,192
489,712,73
489,311,966
489,333,44
489,170,733
489,969,516
489,64,282
489,299,192
489,819,412
259,326,780
259,509,841
259,622,645
259,628,187
259,417,916
259,845,472
259,447,533
259,947,649
259,486,770
259,402,364
259,262,684
259,466,557
259,870,342
259,929,65
338,303,919
338,284,311
338,545,946
338,388,208
338,186,423
338,820,862
338,807,519
338,133,529
338,616,7
338,547,836
338,873,378
338,562,173
338,917,202
338,607,626
338,356,289
338,348,720
338,874,22
394,551,853
394,730,560
394,465,761
394,311,67
394,414,477
394,239,112
394,811,53
394,696,733
394,218,53
221,255,72
221,294,151
221,363,142
221,116,392
221,136,327
221,324,802
221,814,72
221,757,54
221,536,188
221,701,0
221,770,312
221,612,301
221,250,189
221,355,409
221,872,505
221,204,171
221,646,655
221,984,196
221,995,856
293,15,409
293,177,967
293,281,817
293,417,278
293,110,53
293,248,672
293,688,957
293,395,916
293,464,808
495,856,776
495,730,561
495,945,548
495,99,302
495,533,496
495,286,359
495,2,78
495,416,956
152,177,59
152,238,490
152,226,720
152,491,323
152,67,807
152,659,174
152,463,894
152,751,525
152,19,612
152,522,919
152,159,115
152,630,866
152,436,294
152,225,721
152,18,385
152,839,995
152,872,927
152,102,813
152,565,309
152,729,617
152,283,308
152,375,861
152,586,921
152,640,837
152,583,534
157,57,635
157,10,377
157,488,306
157,539,173
157,644,856
157,710,364
157,573,66
157,724,976
157,711,876
157,232,803
157,715,603
157,753,360
157,361,698
157,400,860
157,667,214
157,967,867
157,487,759
157,599,220
157,336,29
157,431,859
157,296,878
157,743,219
240,291,800
240,281,505
240,588,862
240,310,216
240,56,696
240,749,914
240,398,493
240,886,238
240,447,349
240,3,538
240,852,459
240,655,359
240,948,882
240,979,69
496,679,356
496,208,388
496,953,646
496,764,575
496,905,530
496,548,934
496,128,402
496,118,167
496,997,689
496,732,785
496,213,903
60,61,963
60,47,93
60,465,663
60,571,75
60,615,786
60,696,405
60,958,417
60,270,65
60,165,896
60,854,327
60,828,422
60,891,239
60,468,814
162,187,654
162,302,602
162,265,90
162,562,721
162,592,378
162,189,865
162,172,245
162,238,47
162,692,890
162,387,849
162,67,901
162,698,424
162,748,609
162,162,61
162,710,91
162,938,746
162,338,665
162,612,270
162,854,273
162,220,924
43,45,540
43,315,510
43,631,75
43,503,532
43,180,549
43,412,620
43,496,28
43,560,616
43,871,13
43,38,461
43,971,474
43,740,763
43,542,101
43,495,206
43,649,40
43,551,811
43,575,105
43,925,262
289,368,218
289,627,137
289,960,15
289,323,462
289,643,446
289,933,518
289,194,558
289,182,987
11,11,225
11,282,29
11,716,65
11,663,644
11,867,732
11,749,958
11,923,961
11,836,58
11,19,799
11,241,594
11,865,316
11,900,278
11,191,375
11,724,273
11,448,483
11,641,298
11,284,349
11,255,623
455,606,815
455,170,359
455,42,372
455,180,992
455,742,127
455,739,520
455,775,970
455,910,845
455,206,734
455,684,944
350,458,418
350,81,829
350,303,995
350,704,193
350,750,935
350,666,788
350,854,688
350,936,176
350,394,298
350,835,220
350,806,319
350,815,802
350,622,83
350,636,329
350,605,818
409,586,497
409,607,616
409,177,558
409,706,627
409,598,547
409,899,528
409,25,57
409,154,471
409,247,770
409,396,548
409,167,667
409,198,214
409,208,297
409,610,761
115,128,76
115,131,512
115,808,806
115,421,6
115,174,873
115,655,967
115,359,14
115,970,309
115,119,282
333,434,881
333,364,199
333,152,292
333,280,867
333,255,222
333,114,230
333,496,348
333,661,366
333,337,950
333,88,452
333,846,762
333,551,207
333,722,146
333,198,321
333,474,218
333,257,814
333,320,456
333,139,908
333,533,744
333,254,154
393,195,803
393,874,952
393,544,634
393,71,553
393,885,42
393,512,731
393,620,428
393,788,650
393,534,686
393,424,263
393,589,910
393,11,927
393,602,431
393,809,403
393,551,830
393,825,875
393,238,944
393,255,700
393,997,252
393,84,867
393,655,376
200,193,910
200,559,615
200,824,894
200,125,914
200,684,751
200,476,780
200,689,170
200,621,286
200,124,473
200,427,997
200,437,646
200,554,330
200,978,96
200,560,18
246,30,721
246,323,751
246,414,309
246,474,850
246,406,175
246,947,384
246,498,632
246,307,842
246,190,833
246,114,968
246,241,724
246,70,146
246,797,428
246,494,431
246,629,342
246,468,528
246,826,40
246,682,970
246,221,322
246,574,662
246,67,775
246,680,206
246,460,459
246,808,415
246,77,619
246,101,191
246,623,157
118,130,81
118,262,209
118,427,90
118,871,944
118,379,932
118,191,679
118,948,101
118,127,458
118,409,512
118,444,646
118,169,809
118,53,638
118,88,502
118,741,93
118,645,321
118,472,865
118,541,825
314,189,258
314,660,79
314,284,765
314,424,899
314,648,546
314,144,469
314,639,855
314,321,640
314,766,175
314,877,876
314,142,909
314,403,661
314,305,601
131,145,383
131,236,747
131,368,847
131,702,106
131,454,448
131,776,163
131,423,660
131,11,40
131,608,598
131,210,919
131,107,998
131,636,921
131,182,841
131,915,511
131,217,846
131,664,30
267,340,532
267,285,715
267,663,678
267,403,463
267,235,935
267,460,925
267,25,386
267,917,837
267,751,293
267,462,738
267,286,508
267,737,792
267,349,209
267,163,722
267,611,133
267,523,926
