user_id,video_id,likes
44,645,9
386,716,6
327,267,1
219,357,9
216,945,9
429,851,3
42,413,4
348,240,1
100,301,8
47,538,7
263,566,1
487,184,7
367,65,4
380,495,5
358,797,2
393,152,8
256,408,4
64,161,8
419,242,2
225,612,6
250,286,3
185,263,9
91,995,6
463,172,7
390,189,1
321,929,7
201,550,1
411,43,4
272,424,3
221,565,1
225,253,6
113,548,3
46,648,5
277,250,7
443,812,2
31,452,7
429,963,3
413,87,3
138,324,6
315,721,6
82,894,6
379,221,2
350,980,6
177,193,3
33,416,3
485,314,9
222,424,1
446,902,4
338,732,4
389,796,3
379,253,8
97,946,5
181,435,7
233,651,4
248,697,9
21,662,7
273,601,3
77,480,9
371,647,8
341,905,6
461,389,1
372,510,6
183,180,7
483,355,4
205,772,2
162,640,6
452,211,8
185,546,3
38,811,5
234,124,1
397,61,7
94,392,8
231,656,7
64,313,4
343,821,1
237,846,5
165,532,9
113,378,1
282,41,2
334,821,8
470,895,6
218,442,2
80,516,1
416,753,4
314,695,6
350,135,8
48,672,8
156,924,5
383,750,4
416,480,9
217,523,7
402,259,2
420,660,7
193,241,7
449,341,3
144,265,9
119,335,3
341,366,5
318,82,5
69,717,7
416,440,9
99,949,4
402,180,4
3,669,7
398,179,9
393,547,9
390,490,7
332,448,7
235,654,7
352,828,9
138,316,1
390,849,6
277,184,1
229,293,6
252,310,4
284,953,3
18,118,9
69,395,7
122,424,6
57,800,8
219,485,1
334,966,6
327,740,2
235,703,3
427,752,2
282,161,5
39,449,6
382,586,7
287,208,4
317,118,9
282,135,4
276,789,2
45,656,1
279,281,2
397,737,5
151,695,4
301,816,8
15,910,2
173,882,3
218,181,9
491,769,1
107,392,4
138,403,2
204,647,5
496,602,9
426,419,3
17,999,4
116,174,5
410,96,8
29,29,9
427,814,1
140,406,5
458,437,7
146,649,1
217,435,8
330,573,3
63,58,5
278,156,9
252,932,6
391,450,9
498,167,6
332,369,2
204,334,7
203,274,6
208,293,3
407,729,1
160,106,6
83,309,6
167,467,7
11,540,2
53,880,5
45,923,8
385,297,9
361,539,9
348,22,2
230,617,2
358,152,6
80,73,5
450,671,3
250,178,1
469,477,2
76,100,4
248,745,7
348,764,1
247,574,1
223,835,3
83,436,8
190,186,9
119,151,4
150,219,1
341,200,1
315,323,8
303,214,5
180,591,1
479,148,8
43,621,5
171,334,4
59,686,5
169,512,3
480,905,9
183,439,8
454,295,2
247,589,7
349,658,2
228,439,5
132,559,7
382,470,1
484,305,7
131,313,3
389,907,7
130,675,5
358,95,1
394,962,7
224,712,3
368,50,9
136,727,8
39,589,2
48,915,6
223,489,4
451,518,6
63,314,6
227,321,3
352,617,6
101,827,3
360,890,9
152,770,9
404,609,2
289,500,7
273,339,9
88,767,2
231,318,7
428,267,9
9,867,3
379,589,6
246,354,8
359,865,4
331,962,3
216,317,4
154,521,4
313,483,7
70,701,4
292,951,4
47,548,9
324,798,6
314,595,9
42,887,7
378,404,8
207,385,2
393,422,9
20,996,9
89,611,1
246,152,4
94,40,4
164,518,4
330,805,8
72,479,7
338,560,2
51,798,6
87,516,9
293,908,4
396,637,9
85,731,6
149,781,9
462,626,9
494,50,1
290,427,8
223,141,2
173,510,8
306,143,8
295,509,3
147,343,1
11,20,4
75,124,3
479,503,5
209,78,1
241,855,1
233,758,4
391,709,7
32,172,3
41,795,3
137,634,2
243,390,3
335,0,3
245,528,3
220,795,4
468,33,3
80,52,7
285,382,4
271,511,7
236,474,6
403,426,6
133,255,6
476,59,9
165,31,3
272,98,9
260,690,2
424,785,2
219,435,8
142,77,9
10,415,1
181,985,6
413,249,5
4,491,2
448,537,5
271,329,7
70,438,6
151,471,5
277,473,8
157,717,3
54,580,6
332,53,3
336,6,9
59,410,3
140,907,8
121,36,6
329,71,2
365,679,7
363,450,3
469,230,3
384,207,4
160,665,7
53,523,4
307,638,6
458,280,5
487,526,2
115,860,3
118,316,3
18,396,3
70,163,9
277,638,4
273,32,4
185,248,7
154,713,8
414,19,7
230,989,5
404,404,9
481,398,9
158,536,2
101,639,2
476,459,4
317,884,8
145,962,9
310,200,7
257,706,7
452,300,3
127,995,6
495,253,2
468,295,5
90,714,2
82,789,1
266,128,9
22,555,9
149,345,7
217,611,6
484,556,3
496,985,6
75,933,7
445,653,5
45,679,3
374,898,4
422,183,8
445,725,3
111,772,9
446,127,7
57,881,9
259,699,5
234,347,3
157,484,1
11,489,5
386,918,4
167,969,2
330,806,9
205,652,9
186,104,4
443,914,7
47,133,4
368,166,5
373,69,6
189,947,4
131,493,8
2,235,2
468,80,7
473,411,9
120,723,8
15,994,1
61,552,2
33,607,6
415,835,9
445,901,8
76,279,9
373,991,2
89,519,5
183,930,7
299,117,6
359,97,7
437,884,2
22,672,5
98,175,5
140,894,9
155,102,2
499,682,3
388,205,1
160,70,2
485,806,9
249,847,8
250,105,3
216,93,7
71,614,6
467,28,9
6,746,3
87,915,9
114,751,4
139,230,7
65,190,4
8,680,7
338,61,4
484,537,8
60,448,6
148,744,3
253,202,9
463,762,7
347,699,4
383,238,2
290,356,9
208,66,7
99,449,7
432,260,8
402,113,6
12,559,3
357,567,3
42,85,1
369,185,1
412,82,7
65,678,8
216,338,2
61,71,6
283,191,2
463,975,4
40,255,8
198,684,8
486,468,9
150,181,3
66,307,9
244,14,8
254,746,4
331,334,3
156,499,1
477,152,9
260,824,2
143,218,3
480,566,4
462,872,2
249,713,8
12,603,7
298,888,2
277,176,2
74,963,1
316,556,9
420,409,4
52,255,6
361,744,2
70,976,3
374,690,5
209,32,2
3,469,6
483,732,9
82,397,3
298,772,6
90,707,9
466,67,9
369,557,1
402,171,1
216,486,9
233,384,9
317,806,3
392,868,5
423,461,6
8,536,7
331,626,7
54,655,4
143,635,9
414,783,1
125,981,1
398,828,9
231,134,2
116,476,9
167,461,3
265,508,4
382,528,1
303,718,9
466,421,4
433,263,2
376,457,5
301,854,2
144,311,8
206,20,1
59,976,5
187,195,4
463,602,1
212,800,1
56,274,5
325,340,4
481,280,2
433,149,2
137,152,8
226,186,7
265,458,6
123,530,8
134,15,1
118,846,7
497,675,7
373,70,2
420,842,5
408,30,7
479,560,6
52,465,3
440,502,6
33,956,7
237,927,1
297,279,6
178,579,5
73,959,4
96,728,1
412,887,1
159,434,7
155,283,8
461,510,4
71,816,9
457,928,9
460,685,6
299,706,6
82,511,9
77,319,6
142,422,9
288,497,9
76,815,2
227,555,6
57,793,7
270,27,8
10,756,4
354,507,8
27,998,5
97,471,4
87,478,2
415,127,3
26,806,9
214,701,7
295,862,7
257,92,9
340,211,3
401,876,6
196,42,4
414,508,8
158,404,4
492,939,8
252,856,7
368,896,7
437,289,9
396,587,8
425,700,3
268,967,5
21,7,5
246,977,1
90,355,6
444,128,4
118,615,4
114,781,1
124,129,5
321,40,6
285,896,1
474,933,6
208,156,2
141,904,2
24,909,4
3,997,4
186,216,9
462,578,1
261,994,4
50,604,3
46,197,9
416,84,7
53,259,9
25,65,9
202,195,1
462,74,5
344,762,7
49,589,1
418,517,5
421,809,7
400,410,8
451,402,4
119,206,8
489,444,7
160,174,1
401,589,3
289,997,9
389,533,1
313,299,1
321,688,4
308,820,9
389,471,7
369,250,2
67,713,4
413,187,9
268,997,2
161,317,6
257,350,5
483,726,7
428,12,7
416,202,8
231,125,2
392,391,5
192,553,7
343,179,4
319,344,7
124,772,6
133,939,4
30,14,1
69,627,9
216,25,8
238,520,9
82,879,3
208,798,3
302,232,3
116,258,1
169,783,2
183,819,3
252,280,9
183,3,2
368,444,5
163,619,5
216,443,4
189,934,9
91,813,1
342,787,8
117,20,7
148,853,3
396,755,7
474,396,4
335,589,9
458,824,1
427,906,1
240,550,5
385,41,9
164,618,1
230,680,8
267,58,9
480,817,5
424,201,8
244,890,7
326,550,2
101,322,8
402,58,7
276,17,1
266,741,6
383,377,6
316,840,8
36,230,7
144,920,5
88,941,3
367,101,2
17,646,1
101,939,6
298,323,9
347,67,1
251,875,7
430,474,6
459,27,2
66,840,2
476,678,3
307,70,7
318,258,3
47,18,8
310,954,4
362,24,1
290,795,1
42,511,4
261,582,4
467,811,7
361,894,5
68,127,2
479,17,2
479,124,6
84,682,4
400,568,7
203,83,9
296,234,4
222,537,5
391,730,8
498,343,2
397,949,5
465,992,3
473,766,6
45,454,7
126,877,2
360,727,2
295,519,1
25,443,1
47,832,1
260,557,7
308,182,9
83,999,4
85,68,8
64,695,7
282,655,8
3,586,7
286,51,2
237,492,5
232,892,5
339,239,6
261,691,8
363,858,2
381,952,7
460,516,8
399,313,2
258,699,4
246,486,9
117,627,1
299,741,2
69,710,8
465,242,2
422,755,7
59,541,9
392,930,5
58,659,5
360,891,4
43,978,4
244,994,4
328,744,5
364,597,9
209,118,9
460,386,8
387,475,2
104,780,3
335,588,7
365,439,5
166,146,4
369,715,3
449,431,2
408,36,3
381,284,4
317,879,4
135,118,5
397,406,3
182,512,2
266,83,8
157,165,4
156,940,3
78,590,6
480,210,5
73,169,6
43,425,2
468,723,7
277,730,2
218,195,8
368,725,4
191,896,4
63,226,4
364,26,4
87,958,6
276,521,5
474,776,2
468,320,6
180,299,3
390,225,1
306,217,8
239,471,3
69,105,6
188,842,2
325,511,4
493,915,4
2,502,2
358,303,9
423,514,3
475,154,6
211,824,6
59,720,4
135,147,6
425,581,6
438,537,1
318,201,7
61,122,2
60,760,4
239,264,4
294,518,5
16,247,1
343,653,7
272,48,4
6,359,1
47,547,1
227,439,5
361,612,6
412,180,5
215,441,7
147,756,7
484,333,8
229,157,9
157,847,8
221,778,8
6,680,4
150,798,5
257,778,6
459,746,2
369,509,7
390,19,6
272,597,5
55,273,8
195,773,7
498,468,9
22,905,9
439,595,8
342,550,3
141,919,2
388,475,3
418,375,7
21,371,8
53,875,8
332,756,7
499,163,7
11,492,9
332,371,7
68,646,2
325,52,5
311,714,4
45,742,6
340,226,6
448,150,3
431,627,3
14,257,1
122,941,3
120,775,8
226,955,6
71,534,9
427,938,9
388,13,8
404,289,2
99,2,4
7,677,1
455,510,1
144,287,3
328,304,3
454,643,1
18,180,8
2,514,5
2,613,6
78,239,6
25,228,9
409,354,2
302,592,4
490,254,3
400,379,5
481,543,5
119,186,8
143,568,6
424,138,3
122,142,6
28,236,9
334,286,6
400,29,6
484,961,2
463,308,1
60,804,2
386,901,1
423,800,5
349,831,8
409,100,5
418,372,6
223,746,8
20,575,7
228,5,6
100,567,8
56,804,3
62,828,4
348,383,4
252,236,8
269,309,4
372,296,9
274,346,2
315,301,2
43,457,7
425,40,7
224,275,7
77,314,3
406,153,1
367,877,3
26,675,5
96,911,4
7,561,9
135,109,8
49,904,7
354,458,1
261,684,2
490,381,4
374,494,6
305,489,7
254,284,3
27,554,1
35,733,3
308,20,8
2,130,9
21,842,9
109,569,6
442,973,1
229,604,9
354,653,2
205,899,3
86,660,9
185,329,5
45,527,2
385,235,5
91,334,1
188,680,3
490,148,9
295,671,3
229,584,9
271,308,5
392,44,6
127,704,7
318,824,5
436,730,1
286,420,9
223,653,5
72,414,6
124,358,5
473,327,6
270,210,4
150,969,8
209,666,3
289,174,6
268,865,6
349,151,5
128,593,1
324,165,4
221,361,1
470,658,5
78,999,7
74,991,5
230,895,7
254,235,4
345,93,3
202,905,5
456,923,3
237,278,8
64,19,8
59,647,4
486,76,8
67,40,1
473,937,2
139,495,3
46,112,4
152,654,3
307,369,5
213,536,8
392,898,5
305,237,5
200,646,1
317,828,3
485,423,8
205,970,8
76,448,1
204,459,1
420,884,8
108,635,2
474,868,6
294,790,8
300,712,8
158,241,5
460,398,4
18,864,7
149,616,7
209,280,8
238,327,5
237,775,9
73,178,7
112,112,1
47,765,3
286,288,8
175,765,2
282,533,7
294,997,4
351,524,2
273,867,5
323,850,9
293,211,9
326,996,4
308,745,1
158,107,8
123,6,9
393,271,6
171,16,6
274,357,5
98,996,1
215,478,2
264,23,2
313,493,9
263,219,1
180,856,6
480,90,4
256,770,1
404,445,9
368,18,1
279,673,8
443,455,7
64,771,8
460,618,2
425,787,8
251,460,6
366,7,4
260,130,7
134,458,4
399,397,3
122,794,3
157,411,6
259,860,6
418,187,3
191,384,3
247,756,9
20,124,5
57,321,8
27,751,3
36,588,3
434,778,3
420,515,5
410,859,8
27,877,5
38,974,3
140,122,9
282,591,6
167,114,4
243,228,1
86,300,6
365,646,6
156,431,9
33,864,3
371,298,2
451,617,9
7,763,5
218,980,1
413,245,1
353,733,5
428,84,6
207,543,3
186,413,4
354,958,7
76,773,9
119,927,5
300,850,4
334,410,4
59,733,2
254,30,1
182,557,8
250,47,1
479,724,8
38,966,3
497,681,7
224,839,9
386,234,7
212,993,7
155,550,3
385,674,6
343,770,6
72,639,4
352,317,1
376,611,9
193,653,2
462,857,9
320,481,9
166,501,1
5,503,7
337,114,6
104,90,3
378,20,8
262,666,2
233,418,3
81,865,9
355,702,7
82,141,2
208,100,2
418,366,3
460,920,1
494,48,2
479,187,6
277,29,1
100,413,3
419,989,3
400,683,9
495,493,9
325,144,8
70,355,4
251,524,5
224,274,5
421,705,8
196,980,7
164,205,9
40,252,5
417,126,9
377,725,7
20,461,7
216,283,6
239,219,4
234,70,6
459,476,4
75,683,6
153,235,3
90,1,8
122,473,6
453,675,7
470,344,2
22,250,8
316,154,8
116,746,2
96,861,4
146,769,7
97,518,8
245,724,7
497,396,5
293,24,3
361,367,9
246,703,8
6,647,9
42,990,3
134,997,4
121,242,3
420,9,9
421,274,8
427,876,2
318,813,3
278,98,5
324,160,4
203,563,5
335,660,4
397,982,7
381,755,9
306,211,9
29,37,5
362,633,8
183,553,7
371,921,2
269,575,8
440,501,4
169,303,6
465,86,7
422,876,9
165,826,9
241,162,8
265,703,5
384,364,4
344,437,4
426,848,9
184,842,2
252,190,5
215,307,7
454,821,1
152,916,6
293,79,3
60,833,3
425,489,6
192,590,1
170,75,2
291,680,5
249,677,6
423,662,1
265,790,4
258,946,3
52,849,5
10,744,3
199,981,1
499,674,5
458,672,8
314,542,6
315,769,4
195,71,5
88,505,2
4,425,3
169,912,4
158,72,6
95,643,5
129,184,9
12,883,6
303,851,1
463,235,5
345,871,6
224,496,1
210,971,4
153,729,8
71,34,4
299,202,5
283,403,2
3,211,1
207,132,3
139,978,7
85,869,9
351,434,6
262,215,8
316,181,6
356,915,6
490,331,4
401,12,1
310,397,4
439,454,8
238,623,5
492,338,7
380,923,1
325,643,2
451,986,3
257,367,4
360,651,9
142,365,5
481,699,6
311,745,6
391,321,4
230,937,9
433,857,3
37,894,1
57,217,7
253,717,6
366,106,3
404,105,8
220,973,2
324,152,3
276,864,2
480,430,2
327,303,7
208,73,7
484,675,6
53,721,8
492,467,1
77,809,6
144,323,2
410,551,9
366,286,6
485,582,7
374,136,6
318,476,4
173,549,7
2,556,8
61,446,2
148,643,8
20,512,7
254,283,1
388,215,9
481,647,2
244,938,6
437,753,2
492,638,2
429,921,6
232,899,7
162,506,7
488,109,4
120,634,8
205,622,1
37,277,8
396,849,3
324,869,6
42,330,9
110,476,3
277,195,4
270,178,8
401,265,8
133,365,3
462,272,5
222,151,3
411,447,5
119,623,4
18,325,1
27,533,9
186,271,6
476,703,5
24,648,1
184,960,1
54,53,5
465,853,6
337,340,3
381,66,7
356,689,4
328,171,1
386,175,5
4,979,2
432,220,1
369,547,2
369,200,3
196,123,5
400,0,9
190,16,2
24,473,1
453,434,2
117,38,3
50,349,2
310,272,3
116,571,9
429,994,4
221,691,6
2,918,7
475,192,2
257,215,3
131,750,4
338,310,5
265,848,1
14,463,6
379,200,3
200,844,3
349,550,6
447,802,9
305,452,8
335,126,9
127,681,4
118,124,2
207,663,2
426,416,4
262,791,3
174,870,2
389,407,2
426,882,2
451,110,6
149,107,5
354,993,1
295,574,6
224,450,8
198,155,4
57,288,3
137,686,3
274,821,4
443,916,3
433,407,9
93,454,9
339,163,4
42,83,9
337,437,8
170,579,1
224,104,5
358,408,6
212,641,4
403,810,5
266,938,5
499,340,7
319,391,3
148,874,6
387,693,3
203,273,9
267,685,1
68,157,1
59,449,1
287,306,4
93,992,6
498,34,9
427,856,5
350,281,2
367,36,4
297,660,2
30,678,5
196,142,7
247,38,1
457,111,7
109,408,3
248,132,7
172,703,8
67,77,7
51,788,7
182,874,7
41,716,2
33,944,2
175,939,4
100,46,6
277,341,6
8,760,7
150,339,3
226,737,8
481,774,5
317,996,3
440,329,7
171,347,2
224,24,4
210,285,8
443,280,7
479,453,3
481,421,2
375,856,1
251,773,1
270,728,8
490,5,8
142,471,5
173,729,6
448,244,3
193,424,2
117,727,1
280,794,7
162,854,1
445,429,1
454,399,8
153,382,6
264,668,5
491,419,2
371,400,2
107,168,5
295,478,4
309,237,5
326,524,2
12,888,3
149,775,2
427,478,4
120,977,3
149,980,3
161,444,5
88,763,5
77,342,2
173,878,7
437,373,4
0,258,4
141,133,5
30,842,2
280,296,4
125,813,6
395,86,2
292,500,6
391,427,1
317,438,6
219,167,1
430,73,2
238,346,4
474,470,6
497,793,7
294,462,5
337,245,2
127,262,4
407,611,8
335,435,1
451,901,7
133,439,4
393,566,1
235,63,7
92,193,1
85,850,4
281,344,2
159,421,6
50,590,1
213,57,1
326,506,5
159,346,9
477,148,1
389,418,5
256,446,8
467,186,3
216,543,5
69,746,8
17,267,7
469,966,3
479,612,7
369,773,7
51,70,5
146,767,4
20,336,9
25,710,8
123,804,9
286,250,7
32,259,4
492,59,1
227,605,2
131,774,9
258,410,4
395,160,1
156,316,3
23,402,1
25,916,5
425,124,6
55,343,4
317,638,7
192,236,5
388,884,9
30,909,7
448,380,1
349,745,3
224,755,7
103,681,5
488,186,7
151,49,4
245,347,1
197,131,8
115,292,8
208,638,6
75,588,4
0,209,1
144,17,7
56,225,6
207,454,7
431,779,2
81,365,7
0,285,7
55,551,8
254,71,6
137,225,7
244,36,4
14,525,7
166,443,7
205,582,8
215,617,8
275,395,1
390,868,8
233,918,8
420,110,5
264,920,5
130,196,7
114,248,5
161,529,4
298,29,8
121,364,8
457,194,2
239,482,8
431,814,3
341,924,2
166,212,8
114,544,3
371,474,2
165,415,3
123,632,5
465,989,2
241,405,2
24,65,4
247,915,2
230,932,2
431,322,9
355,501,6
95,862,1
75,503,1
301,481,8
23,921,3
159,828,2
69,507,6
10,161,8
459,438,4
44,676,7
4,272,4
466,537,1
94,658,8
408,85,9
15,569,9
76,737,1
55,214,6
353,548,6
310,709,1
237,44,9
120,644,1
44,259,3
284,397,9
115,648,6
295,4,7
343,16,5
424,446,7
246,949,1
2,6,7
140,788,1
426,74,2
266,488,5
309,430,5
228,468,2
81,81,8
448,753,3
386,275,8
497,771,1
427,655,3
145,551,3
127,308,6
124,652,4
459,997,2
278,923,6
227,916,9
484,219,2
301,585,3
454,397,5
492,966,7
39,950,2
180,868,3
367,162,3
406,318,6
74,711,1
159,749,6
274,350,4
399,136,3
56,136,8
300,684,8
148,454,8
108,491,8
257,815,3
207,16,8
317,754,2
158,274,3
411,931,5
39,955,7
430,502,6
14,315,6
367,233,4
173,181,6
191,999,5
9,187,5
351,446,6
82,479,6
329,679,3
362,842,2
422,557,3
354,758,4
150,566,2
369,436,2
412,157,9
158,208,3
62,432,7
445,46,2
73,316,9
296,462,2
118,472,4
63,814,8
388,967,2
71,729,5
335,79,8
346,408,1
30,729,1
86,594,8
397,457,3
253,436,9
60,405,9
495,579,8
132,178,9
2,517,8
462,205,4
496,507,6
288,387,1
292,940,9
194,659,6
63,428,9
286,28,4
448,15,3
45,221,5
440,236,8
207,721,5
268,500,8
82,999,2
310,540,7
91,903,7
136,552,9
360,358,1
25,714,4
223,449,1
297,274,4
66,473,7
147,664,6
171,375,7
331,704,7
488,980,9
418,411,8
94,295,6
9,402,8
25,838,1
297,178,7
78,973,5
115,413,9
423,841,5
436,786,2
419,783,7
126,908,9
309,184,1
305,593,1
92,99,6
276,299,6
262,40,5
198,682,1
375,607,6
338,740,6
266,176,8
362,332,4
381,676,4
283,826,1
133,885,6
379,73,6
358,402,3
491,10,7
74,818,9
209,122,2
462,822,6
257,156,7
471,15,1
6,878,2
17,438,4
398,424,2
179,646,4
260,274,2
214,690,9
203,429,6
469,272,3
47,394,8
386,6,1
444,301,6
328,591,7
197,137,8
80,118,3
341,655,6
234,428,7
74,136,8
179,747,2
480,775,9
132,34,3
89,201,4
340,370,2
99,731,2
459,74,3
429,805,2
491,319,7
456,125,6
121,863,4
106,86,5
171,129,6
234,949,2
439,519,3
366,463,8
322,687,1
439,630,9
322,613,9
189,23,3
206,551,3
258,278,2
44,807,6
370,505,2
326,123,8
365,886,4
266,284,9
391,271,8
474,936,4
284,775,6
222,859,1
52,662,1
389,910,5
451,115,5
349,599,4
432,293,1
430,398,8
399,237,4
251,205,5
49,442,4
1,918,5
102,635,6
215,349,7
371,433,5
227,529,2
11,244,8
105,521,3
489,695,1
494,243,1
188,584,7
402,708,4
359,519,1
465,291,8
443,554,3
314,793,9
197,221,8
313,574,1
159,680,7
174,321,6
304,387,2
285,888,4
290,363,5
192,598,2
204,149,7
5,925,3
300,596,9
287,760,8
467,602,6
252,355,2
233,340,1
33,701,2
98,859,5
169,127,8
188,845,2
181,830,7
197,109,1
384,108,3
65,695,6
166,842,8
81,393,7
153,640,5
342,999,1
23,322,3
169,225,8
11,991,1
477,280,7
363,472,7
121,442,7
99,523,2
49,268,3
236,679,2
376,691,4
292,200,5
440,480,2
171,57,6
139,220,3
239,987,6
101,506,3
487,622,9
92,888,3
239,713,8
261,792,2
28,712,1
234,498,2
227,632,4
129,288,9
63,890,2
22,179,8
4,884,7
240,878,4
44,142,4
479,710,9
122,989,7
326,572,3
336,340,9
247,879,4
441,512,1
55,121,8
117,249,8
126,682,4
67,455,7
147,216,3
156,799,8
382,120,4
438,465,5
386,39,3
450,387,6
52,909,7
492,941,4
306,871,8
491,323,4
177,64,9
476,814,3
294,373,7
35,748,5
205,119,9
68,667,2
470,586,2
152,920,8
111,101,9
276,407,7
212,989,5
48,389,4
408,658,6
422,160,7
371,728,3
308,275,1
201,572,1
271,879,4
260,661,7
82,474,4
40,190,6
126,341,5
227,849,3
80,216,7
53,656,7
425,484,9
187,320,8
292,716,4
262,362,7
367,286,4
369,529,8
148,757,6
423,864,8
185,629,3
417,661,1
202,787,2
55,269,5
380,250,9
15,483,6
386,631,8
21,645,5
103,153,9
301,780,9
470,363,2
204,877,8
60,724,1
116,982,6
448,631,4
363,527,3
50,187,9
192,398,6
132,858,2
88,382,2
423,53,2
308,245,3
89,595,1
325,629,3
206,983,7
30,933,8
224,531,8
92,554,5
122,800,7
439,48,9
355,595,1
67,474,9
425,783,7
287,800,4
437,655,5
373,657,4
169,691,2
267,580,3
265,227,3
359,284,1
124,741,5
166,618,5
122,237,3
148,877,2
80,980,9
18,626,7
470,227,5
37,938,7
443,236,4
1,432,2
388,858,7
164,520,7
258,242,6
141,80,6
245,360,1
225,672,6
264,714,6
196,222,4
268,158,3
412,701,9
217,159,4
180,64,3
65,486,7
179,570,5
62,243,6
91,211,6
476,235,4
44,342,2
241,9,2
417,11,9
476,370,5
73,19,4
81,318,3
186,580,7
277,31,9
479,617,7
103,621,5
82,573,5
126,626,8
437,809,8
15,70,4
190,168,9
59,317,8
78,688,8
458,872,1
0,918,2
160,582,3
457,410,7
304,411,1
35,59,1
232,465,1
485,512,2
200,208,9
264,767,7
265,811,7
330,302,3
93,914,6
419,107,8
494,910,5
71,768,8
409,223,6
408,650,3
370,310,6
185,799,9
234,160,8
419,244,5
76,307,6
414,199,9
460,332,7
340,602,5
170,633,3
279,553,9
25,189,9
465,202,1
171,919,1
28,251,2
397,103,4
328,453,2
311,6,8
27,342,9
375,854,2
318,267,8
396,703,2
413,489,8
105,355,4
105,661,1
461,595,4
265,318,8
218,223,9
143,916,2
319,168,8
376,959,3
1,471,5
276,996,1
496,353,9
140,565,8
140,615,6
439,338,7
31,218,8
198,520,2
229,662,3
398,261,1
64,766,5
217,638,5
76,166,1
393,938,6
316,43,1
248,653,8
196,439,7
76,653,8
460,774,2
323,687,8
159,650,5
206,840,8
363,701,7
359,813,6
230,402,1
151,202,7
329,234,5
329,612,8
299,531,7
36,77,1
236,204,9
306,967,1
475,726,3
262,754,2
171,196,9
277,64,2
88,291,8
45,856,2
339,506,6
493,784,1
423,486,4
291,490,6
20,600,7
493,958,8
224,437,8
144,595,5
446,919,3
373,372,3
374,839,9
138,535,6
495,879,9
226,467,4
265,629,5
375,323,8
329,635,7
86,326,2
151,609,5
180,788,2
473,434,7
357,429,1
183,322,8
367,730,9
369,592,1
197,516,6
201,25,1
447,110,4
280,7,4
74,850,5
359,851,9
294,67,5
254,46,4
362,781,1
453,524,8
165,308,3
209,614,5
94,236,1
323,198,3
201,367,5
171,895,9
348,767,3
204,190,6
232,561,8
220,884,4
129,951,3
62,762,1
413,128,9
45,240,1
162,218,2
333,150,2
65,175,7
327,316,4
366,555,7
331,397,6
152,420,1
9,245,3
443,151,1
163,998,1
402,598,5
98,229,3
81,809,1
389,830,4
430,159,9
375,639,6
123,980,4
456,806,5
333,225,1
86,893,4
64,421,6
435,488,1
137,558,9
382,771,5
69,120,8
140,539,3
141,816,8
140,548,4
337,274,9
457,56,5
455,549,6
370,703,2
101,549,9
480,979,2
271,602,1
272,508,4
350,55,8
384,558,9
476,168,8
291,724,5
305,161,9
372,906,5
127,302,5
153,433,2
312,144,8
32,210,3
160,921,2
358,283,4
488,512,6
259,981,3
199,623,4
220,41,3
342,357,6
272,386,7
11,276,7
269,241,2
200,503,4
350,377,6
437,294,2
481,412,1
305,343,3
181,228,7
221,452,6
88,942,2
467,505,7
423,597,2
426,984,7
164,613,6
161,223,2
428,398,4
272,487,8
352,474,4
244,149,7
221,105,7
316,349,1
406,914,9
167,717,4
404,841,8
122,174,5
201,414,6
456,581,4
477,434,8
461,416,2
158,359,9
421,51,2
468,857,8
489,933,1
10,80,1
372,413,1
498,517,5
382,783,3
116,986,6
381,416,8
52,748,1
240,937,5
313,830,7
228,290,4
349,817,9
120,412,6
303,17,1
322,758,5
316,835,4
144,343,2
152,450,9
128,364,3
230,117,1
292,994,3
181,22,8
204,555,6
143,14,8
109,689,5
328,900,2
408,643,4
145,606,2
430,827,6
285,974,3
83,861,9
182,231,4
3,563,3
19,818,9
168,294,5
227,675,2
398,22,5
67,877,3
419,614,7
117,743,6
69,825,7
349,218,9
387,450,7
302,858,4
57,164,2
57,822,5
195,288,5
225,575,3
499,509,8
143,686,9
96,836,4
472,348,7
76,171,9
13,422,1
211,612,4
200,750,7
309,753,5
438,339,8
466,936,5
144,83,1
490,116,4
316,24,4
34,926,8
469,180,2
68,601,2
294,812,2
395,766,6
124,948,9
135,53,6
238,407,8
442,506,8
111,696,6
331,622,6
226,559,3
55,306,9
355,106,8
416,431,8
287,259,9
88,554,4
77,797,2
211,552,8
253,583,5
276,41,9
121,644,7
250,439,3
147,123,4
343,213,6
398,780,4
326,916,3
0,507,2
496,976,6
11,180,1
499,299,1
15,930,1
258,175,7
52,659,1
47,219,4
341,331,2
363,477,6
59,359,1
488,874,1
160,972,4
159,500,7
148,525,1
230,55,5
88,234,8
212,39,6
104,856,7
25,227,3
184,340,9
336,842,2
381,713,6
176,621,4
161,38,1
393,562,9
340,560,7
416,318,3
453,744,1
410,929,7
468,259,5
208,331,1
197,322,9
160,834,7
117,77,5
374,895,3
357,775,3
400,483,5
83,583,1
245,894,4
110,769,2
446,276,2
133,50,2
71,658,4
284,145,4
439,87,4
457,982,7
48,473,5
162,650,2
76,217,9
153,101,7
266,62,5
140,354,1
33,3,9
255,420,7
26,324,5
113,526,2
0,589,1
43,308,3
218,455,3
425,78,2
387,301,4
49,978,1
17,991,3
169,485,8
326,939,8
373,501,1
411,125,7
171,867,9
84,415,6
13,612,4
73,648,5
32,308,2
430,733,4
134,501,9
411,366,6
276,297,4
269,746,2
227,249,9
409,124,2
21,881,7
46,331,3
211,641,3
197,716,2
272,838,4
368,625,7
293,707,4
128,837,1
163,943,3
376,46,2
100,743,4
252,174,9
269,891,9
375,48,9
357,246,2
232,192,5
154,603,1
183,4,5
205,17,6
109,504,7
312,971,4
104,528,1
324,445,5
375,657,4
480,551,6
59,384,1
379,588,6
42,3,4
168,244,7
88,673,9
81,341,3
87,54,7
21,124,2
411,866,9
30,329,5
199,22,7
349,728,7
495,530,6
426,451,4
68,894,7
493,313,5
89,744,6
224,608,5
458,207,2
196,681,3
91,743,9
437,122,5
476,165,6
487,674,3
477,118,7
436,880,5
227,109,2
96,974,2
308,671,4
110,443,6
236,268,3
328,344,3
473,748,3
144,753,3
125,208,7
367,542,5
3,992,5
283,257,2
372,693,5
275,172,9
191,834,7
414,170,5
185,297,3
355,459,4
232,370,1
13,170,1
265,640,7
24,19,8
465,983,9
300,52,6
186,333,9
243,929,4
309,155,3
130,72,3
144,743,3
209,73,7
129,899,1
378,451,9
51,869,7
174,141,7
280,962,2
78,762,4
192,910,1
377,319,2
135,404,1
66,577,8
260,448,7
81,242,9
157,375,9
225,608,9
282,37,9
319,335,1
338,292,8
422,70,7
33,122,2
181,495,2
0,102,9
4,344,8
106,560,3
299,873,1
447,98,4
386,434,1
323,102,7
389,428,4
85,480,1
419,799,9
445,442,8
47,935,9
234,137,9
415,53,1
238,4,7
420,356,8
467,192,8
237,91,3
29,235,4
170,974,9
107,800,1
237,18,6
292,915,8
231,205,8
97,405,6
150,327,7
339,405,9
13,760,7
107,712,2
446,594,3
49,626,3
207,727,4
103,184,4
52,395,2
211,107,7
260,704,1
88,437,8
38,637,6
67,564,9
325,273,1
430,138,3
90,972,9
160,293,5
171,109,6
180,305,1
122,902,7
27,261,3
262,986,9
178,460,4
171,861,2
132,653,6
464,43,5
305,509,5
209,416,9
102,201,4
400,549,4
444,102,6
16,698,2
464,821,8
349,92,3
49,479,3
376,655,1
53,62,4
25,389,6
57,258,7
229,39,9
309,804,8
203,444,3
60,751,8
99,587,2
426,875,2
481,997,4
377,602,5
51,352,2
409,422,9
345,825,3
263,426,4
71,519,6
498,194,4
221,990,4
22,650,9
104,330,4
200,585,2
31,401,7
161,154,7
234,874,2
474,885,8
43,834,4
288,368,2
457,256,2
403,49,7
462,731,2
85,327,5
400,892,7
489,869,8
163,128,5
249,916,9
265,140,3
246,490,8
144,473,3
485,956,1
478,657,7
190,875,7
402,595,9
198,825,9
397,852,1
292,859,6
235,411,7
64,381,6
327,984,1
160,756,1
108,917,7
96,577,8
490,929,2
51,719,1
399,742,4
433,177,3
15,566,9
294,731,9
288,760,6
179,957,9
333,326,3
204,302,9
219,969,5
215,986,5
400,179,1
316,378,2
189,948,2
463,199,5
401,783,2
466,112,1
365,178,6
195,784,8
386,607,1
164,554,6
135,856,9
225,307,4
484,503,2
283,608,1
191,739,9
230,332,4
145,633,1
329,448,8
175,541,8
277,862,7
184,393,1
160,668,1
485,941,2
172,762,2
35,988,5
189,583,4
266,281,7
47,991,1
152,644,7
83,241,9
250,317,2
361,262,6
484,833,5
194,92,1
431,739,3
107,554,8
390,73,8
281,613,4
379,753,1
266,528,8
128,335,6
263,163,4
413,12,1
485,359,8
463,632,5
90,37,5
298,998,8
52,585,6
334,294,9
496,962,6
26,183,4
328,957,9
472,281,6
423,379,7
196,425,3
51,994,7
461,250,6
460,972,1
289,346,3
489,285,9
2,638,6
308,693,7
19,345,2
467,134,2
340,396,9
456,540,4
281,40,8
41,78,8
13,917,4
167,35,9
371,406,7
75,763,2
426,328,1
119,494,2
248,86,7
101,794,2
232,634,3
226,851,4
2,863,2
283,350,3
393,41,7
468,346,9
165,145,5
440,533,7
439,146,5
494,921,5
186,602,5
425,253,9
282,921,1
29,769,5
135,437,1
336,146,8
80,343,6
217,584,1
387,765,6
74,261,4
248,742,1
107,282,9
268,246,4
120,447,1
482,160,6
38,404,4
481,357,6
395,280,2
427,775,8
425,331,4
93,695,4
465,720,8
297,665,5
481,269,1
439,829,6
289,236,6
187,277,3
58,874,2
50,339,1
194,697,8
405,42,1
252,614,6
240,868,8
122,708,4
282,582,2
319,849,7
491,298,6
364,376,1
303,69,6
455,698,1
212,723,4
467,751,3
184,748,8
63,127,9
208,666,7
64,763,7
59,203,1
440,476,1
397,913,7
110,414,4
418,753,5
34,530,7
142,657,4
353,626,7
151,650,7
365,779,3
437,904,7
33,295,2
11,928,3
470,627,8
260,595,9
253,327,1
231,416,6
216,651,6
345,363,6
289,287,8
81,819,1
313,415,7
334,644,3
56,31,2
188,77,5
395,848,1
309,142,6
68,795,6
20,900,5
290,481,1
230,884,7
480,427,1
261,951,3
465,237,4
107,427,7
223,388,4
69,784,8
287,43,9
94,828,7
246,23,1
172,315,7
92,596,2
48,145,8
256,490,9
473,997,1
99,823,1
202,30,7
112,591,2
404,597,9
207,68,5
487,650,6
122,521,8
40,681,2
291,297,6
325,255,9
495,735,1
435,721,2
442,161,2
317,216,4
179,586,2
214,829,2
66,201,8
215,219,5
182,807,4
17,696,4
102,902,9
267,783,5
184,953,5
496,188,9
239,271,1
479,237,5
330,55,7
20,779,5
101,661,8
352,85,8
272,198,4
150,190,8
261,402,3
451,455,3
194,288,9
22,930,1
155,212,4
467,561,6
380,437,4
418,387,8
455,825,3
58,978,5
141,5,2
29,463,2
2,119,2
417,433,7
468,617,2
77,411,7
361,309,4
267,312,6
34,299,8
457,325,8
435,373,1
283,687,8
353,96,9
198,40,7
396,516,2
222,681,6
494,258,6
31,201,6
86,624,4
484,384,5
144,736,6
155,146,5
395,121,7
94,552,7
256,392,3
143,729,6
98,506,7
482,354,5
99,159,7
47,163,2
336,755,4
433,226,7
63,502,9
353,818,6
270,897,6
415,267,4
63,109,7
487,774,4
309,687,1
421,331,3
180,593,6
471,188,9
313,700,5
63,727,8
461,299,8
397,468,6
150,334,8
272,31,4
194,127,4
271,959,7
482,456,6
449,147,5
107,44,4
485,353,9
218,982,1
352,384,1
382,999,5
241,489,1
228,763,4
228,785,6
431,28,4
193,6,2
139,922,3
180,932,6
97,132,9
195,645,8
57,923,5
44,950,2
361,296,3
38,817,4
284,646,3
389,927,7
362,146,4
223,601,8
96,24,3
465,357,5
306,442,2
43,811,7
17,658,6
157,316,6
78,426,5
430,367,9
102,731,7
141,266,2
487,91,6
409,506,9
109,829,3
191,477,5
257,204,7
332,46,3
468,943,5
435,760,5
488,155,2
20,73,2
118,129,6
281,376,2
24,811,9
177,159,5
76,818,7
466,1,4
31,738,3
74,282,5
97,960,7
74,475,4
284,270,3
182,242,2
456,826,5
130,402,7
268,352,5
330,735,3
312,537,3
398,663,4
100,445,4
253,64,2
400,5,9
431,39,3
308,574,3
325,513,6
432,747,8
312,894,5
474,174,7
63,957,1
173,931,5
56,615,1
45,530,2
235,176,6
112,178,2
203,18,1
218,645,2
310,433,7
472,191,6
424,133,4
189,63,9
385,685,8
61,631,4
270,110,1
211,41,1
91,106,3
308,751,2
160,739,2
92,294,4
326,55,9
87,319,2
336,809,3
81,143,9
217,796,2
403,463,8
114,141,6
383,933,9
360,518,6
451,671,6
84,96,3
357,371,6
468,632,7
381,645,9
93,62,1
411,604,2
53,944,1
294,786,8
248,207,1
265,912,9
259,682,4
15,56,3
254,128,9
468,921,7
218,209,5
138,96,9
497,450,7
49,525,6
243,573,3
256,658,9
238,998,7
460,759,9
210,25,9
486,88,5
33,0,4
366,395,9
296,350,9
120,933,2
113,366,6
359,30,6
318,883,7
305,260,9
25,912,3
298,774,9
490,880,6
8,819,1
234,143,5
247,626,2
448,412,9
141,628,7
237,745,9
358,500,6
30,312,4
400,916,4
411,663,9
359,885,2
324,237,8
373,838,4
390,323,6
451,460,7
214,860,1
228,354,2
318,250,2
96,915,8
428,964,1
385,311,6
315,306,1
150,227,7
173,23,9
217,552,4
331,254,2
389,849,5
335,171,7
464,635,7
480,506,6
352,611,6
185,112,6
299,466,2
212,626,2
314,340,9
406,874,6
184,529,8
252,362,6
22,30,5
368,168,6
244,476,7
229,400,2
266,871,5
107,785,7
298,158,1
372,591,1
174,454,2
65,101,6
193,665,3
99,537,4
186,87,2
313,468,3
56,731,1
373,327,8
112,356,5
366,204,5
136,981,9
281,620,8
55,176,8
49,482,4
478,192,4
401,442,3
77,145,3
141,618,9
98,570,2
197,633,8
145,443,9
164,285,8
264,249,6
94,215,8
441,429,1
363,451,8
380,673,5
84,52,9
354,281,1
418,852,9
375,930,1
178,306,5
393,137,1
239,198,1
401,131,5
73,954,8
194,883,1
136,810,3
124,729,4
154,343,5
191,475,1
63,841,6
353,814,5
275,518,9
414,837,3
352,346,5
74,413,1
34,839,9
211,376,8
240,752,4
120,453,5
391,297,8
290,218,3
373,606,3
54,479,3
407,369,7
103,743,2
224,1,1
219,92,2
410,961,9
138,663,8
120,549,9
169,14,3
180,598,4
90,434,5
88,599,5
115,41,1
233,550,6
171,577,1
196,290,3
359,54,3
120,971,7
454,709,9
375,621,7
87,767,4
156,670,5
91,134,5
136,454,2
182,888,9
65,287,9
7,972,3
219,64,2
350,330,2
151,350,6
430,617,1
184,176,1
450,229,6
117,662,2
269,284,1
381,879,1
29,870,7
465,302,4
182,559,3
248,332,6
314,344,2
321,670,5
11,293,5
311,259,6
499,929,7
235,259,2
306,363,2
220,628,5
444,101,1
416,268,5
454,174,6
252,924,8
395,932,6
179,755,9
230,247,6
380,616,5
40,662,3
355,869,7
7,156,8
290,736,3
238,194,1
234,568,1
245,62,6
203,148,2
225,813,1
284,18,6
381,685,4
276,501,4
321,346,3
418,862,7
494,848,7
54,325,1
356,4,1
112,128,5
98,107,6
396,982,2
34,596,2
423,676,7
385,230,5
497,850,2
333,722,6
436,752,1
59,468,3
444,698,7
80,544,3
157,384,1
64,594,9
200,324,3
374,952,5
134,716,8
411,738,9
303,716,8
314,448,4
469,950,8
215,207,1
172,568,3
497,69,2
278,294,5
307,574,9
148,489,7
107,941,9
84,613,2
111,411,7
97,426,7
373,611,5
28,791,1
314,276,1
474,584,9
382,574,3
201,9,6
29,912,9
417,569,5
1,242,2
340,633,5
335,677,3
95,915,2
369,34,8
87,413,4
112,180,7
405,574,7
489,501,5
132,474,5
460,982,2
456,531,5
384,411,7
70,67,2
149,289,3
338,897,7
499,451,9
407,910,4
210,532,8
117,548,2
480,429,6
138,556,9
171,66,4
482,57,5
280,475,2
132,597,5
2,550,6
214,429,9
493,294,2
216,709,4
349,604,6
126,47,9
387,452,3
387,710,7
304,784,8
385,286,6
289,924,4
189,651,3
368,437,3
417,627,1
420,871,2
106,226,4
338,150,2
2,440,1
285,83,7
285,835,1
181,970,2
497,605,6
441,979,9
19,68,7
104,632,1
103,442,2
448,277,7
259,311,7
364,545,4
404,641,9
383,164,8
44,614,7
70,926,7
197,10,8
169,878,2
373,607,7
78,342,9
185,734,3
118,617,1
94,768,4
86,81,3
97,58,9
282,642,5
205,303,6
217,238,9
239,421,8
370,725,7
430,179,9
263,973,7
321,420,3
369,150,7
345,71,3
67,857,3
491,113,6
82,418,3
205,668,1
326,513,9
201,262,6
121,107,7
461,711,8
35,490,6
122,48,6
496,181,8
364,562,3
43,168,8
377,391,7
484,124,2
48,796,2
207,630,8
234,783,9
65,52,9
100,375,1
86,267,9
92,622,8
201,821,7
231,227,5
118,769,5
144,580,4
96,824,1
398,81,5
105,990,3
269,280,1
401,182,5
318,984,1
133,883,8
300,131,9
137,444,8
127,590,2
137,189,5
67,360,7
11,368,1
471,288,8
256,960,4
201,202,8
464,706,1
112,911,4
201,794,5
423,799,1
316,158,7
199,133,9
127,782,5
17,746,4
42,741,6
80,418,4
393,523,4
319,15,7
216,291,6
391,528,3
80,125,4
105,130,8
196,45,5
458,209,1
307,992,8
425,696,7
424,257,9
36,598,9
113,891,9
261,352,4
25,657,9
429,692,8
433,832,8
270,969,5
152,615,3
49,582,3
309,868,9
268,684,5
379,361,9
301,630,5
64,549,5
60,228,1
390,515,4
79,623,6
469,903,1
52,580,2
364,164,6
487,987,3
220,578,7
28,287,5
438,754,4
93,384,2
263,370,4
492,839,5
372,867,6
23,523,3
410,373,1
80,863,9
374,173,9
310,747,9
143,584,3
211,854,6
58,420,2
493,832,9
119,15,1
154,758,5
251,69,8
336,642,7
252,195,8
252,963,5
291,769,1
428,104,1
197,892,2
416,251,1
393,545,5
480,85,1
456,105,2
399,241,4
123,534,7
387,542,7
368,855,1
144,165,9
338,749,5
126,5,4
261,291,4
398,175,8
94,123,5
168,584,3
397,900,4
226,666,1
480,854,2
3,591,3
360,53,2
407,345,4
458,823,1
78,44,6
492,97,2
196,833,2
176,63,9
177,959,1
319,758,3
329,665,5
236,536,3
35,89,3
493,414,2
111,807,4
46,903,7
298,446,6
206,839,9
307,776,7
437,57,8
48,620,4
142,616,6
258,542,6
393,772,8
300,889,5
191,550,4
305,320,1
489,983,8
240,963,4
441,686,8
389,640,7
150,104,1
124,401,6
385,198,5
103,514,3
168,826,3
117,224,6
303,996,1
147,129,6
329,98,8
467,974,1
414,100,1
473,735,1
12,763,7
227,330,8
110,64,9
458,308,1
355,68,5
160,672,1
281,888,4
302,997,3
247,800,6
237,774,9
27,881,8
226,769,1
174,650,3
409,996,3
432,322,3
375,412,4
15,906,6
420,311,7
198,298,9
208,152,7
472,275,3
433,593,2
25,886,4
179,136,8
374,680,9
269,766,4
128,895,2
262,750,1
433,155,1
111,488,6
373,952,6
367,908,6
442,612,1
148,963,4
107,668,2
273,64,4
265,914,6
204,168,3
389,380,6
399,238,3
122,719,5
397,29,5
115,640,4
203,864,2
13,787,6
170,306,9
479,896,6
221,362,7
355,680,8
53,506,1
317,67,8
185,2,3
371,183,6
464,934,9
265,953,9
51,410,4
238,968,8
61,49,6
224,967,2
30,230,3
320,36,9
155,757,9
100,382,9
8,292,4
444,759,3
418,333,8
405,752,1
29,195,9
174,85,6
485,324,6
289,609,4
64,224,9
70,142,7
131,749,1
486,493,5
84,431,8
451,239,1
339,17,7
460,53,3
413,681,5
166,80,8
413,246,5
84,910,1
145,343,1
105,744,7
66,343,9
45,931,3
93,821,9
60,469,5
190,684,1
35,413,5
30,944,9
494,358,3
43,836,9
37,616,6
15,643,4
66,351,7
263,832,4
413,746,1
367,815,8
290,801,4
42,157,6
387,875,7
18,841,1
315,242,7
204,981,4
441,527,5
153,321,5
319,223,7
219,364,2
261,37,1
469,690,4
356,707,2
207,667,3
223,548,6
352,362,8
173,723,7
83,871,3
233,87,8
34,382,4
84,995,2
210,861,7
398,994,5
390,183,4
130,464,6
210,130,7
76,866,3
377,518,2
123,243,5
399,90,1
421,737,6
344,811,4
165,879,2
476,971,6
343,814,4
322,786,4
428,811,2
440,998,7
38,463,9
440,758,6
382,819,3
103,116,8
153,690,2
376,338,3
108,132,1
226,170,8
344,114,1
325,897,5
454,771,2
55,102,2
147,625,6
492,660,8
284,519,1
124,606,2
144,907,3
169,518,9
277,659,1
142,571,2
310,396,4
222,890,3
305,413,1
77,799,5
311,605,6
462,684,2
67,760,7
163,735,1
346,564,7
308,615,3
337,508,3
279,339,2
341,726,8
304,878,5
37,705,7
375,772,2
223,830,1
25,367,1
204,62,4
217,337,3
43,754,7
498,815,8
111,513,3
165,778,4
220,74,4
416,644,7
371,679,6
385,507,6
118,716,1
422,491,4
414,523,9
231,603,4
272,793,2
18,248,2
380,300,1
480,418,8
236,201,1
270,334,6
249,350,4
41,314,1
309,410,8
360,504,7
463,695,8
464,302,9
245,845,9
479,479,7
264,720,5
321,114,7
300,173,5
499,453,2
368,366,4
60,496,5
35,158,1
204,473,8
257,686,9
334,728,4
240,248,5
257,344,8
460,525,5
167,517,7
246,791,5
278,390,3
234,670,8
484,883,2
481,298,3
256,822,7
225,332,7
294,334,9
90,653,7
212,621,1
108,549,8
72,231,4
47,96,1
0,873,2
323,886,4
215,512,5
183,884,1
384,473,8
269,75,5
366,198,9
354,272,5
16,376,6
107,939,8
284,332,2
487,612,9
77,270,2
52,643,9
470,567,6
483,150,5
83,462,2
200,105,6
313,889,5
97,704,9
163,941,8
197,875,5
320,219,4
154,707,4
206,100,4
144,960,1
379,785,1
76,680,7
115,994,3
124,846,4
452,863,7
472,100,6
250,23,4
78,961,7
378,251,2
246,426,5
424,43,1
179,623,5
499,820,1
403,841,9
111,581,6
362,661,3
143,513,6
174,446,4
125,554,5
341,935,2
131,252,5
319,470,1
291,601,2
375,570,6
496,30,5
4,287,3
495,646,1
54,694,4
263,734,9
170,991,7
319,673,1
360,579,9
429,332,4
200,370,6
466,826,1
161,468,3
101,715,8
189,124,3
264,128,2
334,215,1
416,195,9
112,606,8
151,637,1
469,557,9
219,289,8
120,576,4
492,119,6
224,472,3
492,154,3
459,76,7
453,165,2
290,111,4
399,477,4
480,545,2
134,607,8
18,439,7
160,176,8
318,20,5
273,712,2
40,982,3
280,281,4
87,204,9
252,311,3
287,214,7
318,223,2
206,494,9
204,785,6
339,712,4
374,959,4
403,357,4
166,492,3
212,380,6
165,42,8
263,388,3
63,260,7
94,158,7
425,842,1
492,960,1
223,84,9
28,117,2
113,966,6
52,848,7
492,321,1
276,517,1
88,535,7
10,847,9
488,529,4
158,27,5
56,699,9
88,777,8
127,298,5
327,116,6
445,142,9
137,840,8
343,447,4
32,529,7
5,960,3
27,61,9
461,205,1
290,833,3
402,540,4
10,27,2
11,702,6
51,782,9
259,824,6
303,464,6
114,267,1
222,881,7
337,558,1
221,635,5
191,136,9
35,623,8
225,580,5
401,292,3
313,766,8
446,133,8
63,719,4
5,961,1
274,567,6
89,104,6
296,553,9
451,529,9
168,552,3
274,272,3
340,626,9
75,264,3
448,557,5
101,594,3
404,645,4
329,797,6
70,882,3
362,777,4
98,795,4
299,868,1
479,242,8
476,292,9
435,533,5
247,465,2
279,702,6
150,9,5
460,138,5
238,746,6
385,821,7
179,302,1
112,561,1
366,477,2
22,169,9
52,500,7
176,819,6
241,729,7
355,817,1
179,643,2
9,877,8
162,249,5
219,45,5
271,114,7
322,992,1
123,640,8
305,247,7
315,854,4
388,309,5
261,597,1
405,249,2
110,94,3
355,267,8
22,228,2
51,552,3
432,20,2
237,239,3
310,567,1
301,393,3
347,635,7
122,655,7
89,965,4
21,836,7
432,228,6
111,692,9
287,627,8
227,594,3
81,798,6
206,147,8
41,375,3
88,816,6
69,892,4
412,37,3
283,471,2
462,264,1
217,167,7
100,57,8
304,538,6
464,667,3
266,531,1
8,368,6
151,771,2
462,652,5
259,908,9
475,347,1
254,238,6
6,455,9
436,506,4
381,457,8
357,832,8
485,45,5
98,527,3
452,430,7
116,210,6
485,641,5
95,801,2
275,546,7
394,84,2
39,75,2
33,421,1
424,668,5
30,313,2
306,308,4
469,860,3
307,14,5
240,79,7
208,155,5
319,983,6
285,497,2
250,158,2
76,310,9
331,969,6
369,694,1
354,223,6
37,240,1
351,74,1
364,772,4
91,137,6
424,286,6
261,348,8
236,620,2
361,606,2
254,799,5
272,297,8
156,385,7
463,388,7
484,46,1
65,737,8
366,535,9
11,475,6
184,995,4
484,178,6
87,968,6
109,221,1
364,678,5
231,755,7
296,362,4
471,344,8
260,835,1
367,160,1
48,13,8
107,665,2
473,906,4
429,500,3
328,134,7
189,539,1
99,251,4
425,827,9
392,612,4
120,336,6
294,624,9
309,667,6
238,678,7
463,366,9
62,570,6
128,42,8
47,403,5
346,378,8
322,534,6
493,950,4
271,953,6
75,483,4
225,646,4
44,108,3
335,482,5
337,687,4
428,682,6
169,963,4
155,466,5
35,907,2
207,978,4
237,571,4
377,91,9
376,376,5
70,764,1
142,580,3
255,936,7
167,815,2
12,63,2
422,861,4
365,357,4
260,818,5
158,507,1
421,455,7
17,72,2
223,118,7
400,595,6
476,569,2
325,156,1
94,509,7
57,60,3
176,144,4
442,498,2
344,616,4
244,655,4
141,981,3
70,854,9
135,379,3
76,782,2
93,95,5
343,857,3
66,386,5
23,760,7
271,970,1
143,703,5
227,920,1
69,10,1
104,170,1
220,626,2
345,540,4
207,120,9
270,718,9
260,58,1
134,990,9
139,156,6
212,445,5
16,823,8
342,514,5
307,743,3
153,703,5
186,948,7
164,463,7
325,978,2
379,516,9
54,893,3
206,732,8
6,132,3
226,643,1
124,878,9
167,128,6
228,838,2
161,105,1
197,871,2
382,788,2
405,151,9
2,726,2
188,116,2
423,568,8
265,923,8
102,205,2
296,173,6
72,422,5
10,368,6
316,48,3
257,455,7
378,259,8
172,124,7
427,276,9
210,20,1
369,915,6
50,994,9
48,367,5
391,876,9
416,461,4
471,912,9
162,173,9
11,284,6
489,739,7
300,220,5
123,823,3
381,425,5
451,403,9
142,453,1
384,797,2
393,5,5
250,750,4
316,779,6
134,821,4
464,996,6
491,782,1
490,528,3
368,466,7
21,388,5
183,827,7
222,392,6
479,572,3
273,96,4
268,317,9
73,266,9
396,435,1
168,502,7
45,716,5
493,431,1
95,150,6
8,545,1
38,54,3
226,849,7
51,770,8
421,225,4
256,263,8
161,27,8
1,364,5
239,38,2
75,936,6
489,134,1
145,659,9
237,570,4
9,236,7
65,808,7
103,108,5
362,740,8
472,635,8
492,879,1
132,403,5
394,281,9
252,154,8
22,924,5
45,401,1
273,829,3
211,332,6
4,954,6
465,870,9
365,308,1
251,486,4
493,793,3
485,226,9
486,23,2
440,590,3
252,136,1
363,333,6
429,918,5
81,75,6
224,50,9
64,423,4
139,12,3
206,27,4
427,182,8
431,102,5
194,810,2
164,122,7
265,523,7
455,705,3
488,625,6
113,653,6
93,357,2
353,888,1
150,68,7
99,107,6
15,856,7
201,68,4
195,191,5
281,173,9
100,33,3
357,117,6
340,572,2
231,661,1
90,83,9
253,942,2
337,95,6
186,687,5
131,800,8
253,520,5
177,491,7
200,109,9
174,241,8
151,850,7
358,348,2
230,34,2
233,729,5
326,683,6
180,66,7
50,51,8
426,116,1
27,50,2
285,616,2
132,132,5
106,606,6
20,176,2
450,972,8
214,725,3
171,374,6
370,428,7
19,65,1
282,54,8
247,537,9
276,22,9
61,638,2
476,382,4
119,139,3
339,535,5
373,552,9
171,746,7
65,197,7
148,547,4
403,844,9
453,269,9
468,835,8
113,723,8
303,429,6
75,883,1
355,966,3
207,236,7
356,979,3
342,2,2
496,129,9
244,43,5
170,367,8
263,936,3
81,600,4
55,616,4
259,84,4
412,516,4
266,382,3
390,479,8
88,261,3
224,201,4
306,952,8
173,558,4
7,411,1
36,73,1
302,472,6
132,386,9
129,666,2
19,131,5
472,533,3
54,863,5
379,463,4
120,0,3
167,229,1
136,55,1
412,500,5
16,364,3
176,132,3
139,686,1
136,176,1
96,341,2
456,987,4
189,66,2
209,247,3
192,317,3
490,508,3
169,244,1
170,970,2
163,5,9
163,948,7
44,534,2
302,38,3
12,116,4
112,103,9
101,287,8
145,333,7
378,641,1
299,311,5
495,725,5
175,293,6
464,263,8
22,275,3
252,329,6
399,837,3
265,246,2
466,273,3
157,956,7
16,653,4
386,190,7
34,868,7
382,183,4
366,162,9
422,445,1
239,691,9
447,189,1
84,753,4
217,156,8
60,781,7
383,95,3
357,464,8
403,640,2
382,265,7
154,612,5
34,688,2
464,650,9
246,396,7
47,773,1
463,731,1
497,326,1
222,733,4
385,918,4
18,816,7
46,733,7
138,766,1
328,804,5
66,289,8
17,720,9
334,199,3
385,358,1
369,934,2
399,283,4
401,843,4
301,422,4
259,209,1
428,97,4
174,548,3
48,451,5
375,511,1
137,43,8
489,268,4
207,3,3
425,302,9
21,931,7
329,152,2
224,689,2
231,5,1
132,561,6
485,920,4
196,341,4
425,197,5
212,570,5
24,278,1
439,891,1
92,848,8
135,652,9
430,639,8
446,602,9
458,735,5
212,460,8
378,969,8
163,345,9
370,8,2
251,698,2
25,662,4
208,980,5
233,395,9
128,424,3
187,562,8
251,392,8
24,784,9
75,428,2
383,783,3
175,425,2
304,225,7
282,990,7
275,526,4
206,706,1
241,591,5
411,359,7
482,972,5
128,371,3
334,993,6
484,430,6
3,22,6
392,36,8
248,973,3
483,527,6
289,387,8
419,811,2
83,617,3
71,660,1
463,685,4
263,198,1
279,88,7
84,728,1
113,21,7
409,719,6
151,129,9
292,262,4
158,707,4
131,622,3
83,781,5
464,610,2
470,47,2
57,839,9
176,215,7
281,136,2
191,878,6
360,194,3
130,536,2
29,485,5
168,769,8
298,44,1
90,106,4
407,415,9
6,473,4
33,788,1
254,605,4
256,148,7
147,978,9
129,459,6
34,964,1
331,989,8
189,51,8
59,505,6
199,422,9
468,498,7
130,309,3
447,558,4
129,492,5
92,186,5
130,288,6
161,147,7
60,843,1
293,677,6
166,387,1
359,395,5
245,79,4
221,289,2
235,924,9
78,31,3
356,146,1
52,846,4
360,520,7
499,32,1
381,489,5
227,749,4
157,345,8
436,381,1
128,631,1
241,598,6
385,902,2
461,247,7
460,276,3
43,155,6
449,664,1
57,533,7
292,346,5
464,695,1
327,376,3
473,195,1
172,539,1
157,436,7
163,405,4
177,444,8
341,914,3
226,215,7
368,275,6
208,565,6
153,46,8
95,145,7
275,566,7
449,509,7
429,652,5
126,113,7
238,853,8
352,485,7
306,155,6
33,311,1
295,227,4
19,452,1
58,469,1
326,433,4
51,461,5
169,907,5
294,959,9
327,489,7
222,963,4
47,818,4
399,819,7
474,225,3
444,438,8
374,352,8
201,96,7
438,75,3
244,622,6
68,420,8
425,825,1
469,85,5
184,838,4
434,496,7
268,565,4
233,965,9
148,640,3
417,22,4
30,177,1
234,426,3
184,37,3
271,167,7
127,791,4
332,142,2
192,167,3
94,504,6
98,91,8
348,255,9
130,937,1
153,631,8
313,963,4
164,354,8
194,616,1
122,238,6
172,378,9
346,174,1
266,833,8
498,184,2
385,204,9
8,463,7
189,429,9
144,313,9
293,357,3
132,295,4
483,912,7
149,580,2
260,919,3
61,986,1
454,650,8
396,110,4
175,949,5
29,482,4
355,713,8
214,245,9
495,95,6
349,884,8
269,449,1
493,138,9
400,658,2
229,54,1
9,450,1
46,704,3
221,720,8
281,453,3
15,369,8
63,838,4
352,184,1
375,74,5
14,156,3
253,801,3
40,469,5
361,37,8
417,168,6
434,28,3
299,814,7
314,461,7
463,68,3
306,221,8
223,616,8
377,593,6
295,819,3
421,25,4
262,69,4
434,35,2
22,394,3
18,727,2
49,663,2
278,210,7
354,657,2
108,656,5
77,191,4
430,749,1
375,422,8
324,59,9
244,390,6
210,769,7
10,696,3
94,268,8
448,756,8
169,389,4
352,460,7
351,86,9
154,997,6
102,838,2
345,194,3
46,560,2
247,780,3
444,504,9
355,210,2
382,968,9
41,268,3
99,334,5
137,371,5
146,890,2
97,500,2
486,719,3
82,901,1
354,928,7
293,856,5
305,907,8
107,948,8
153,991,4
303,643,8
149,131,1
347,113,4
19,796,6
36,316,5
364,804,7
308,934,8
21,644,4
449,764,3
2,278,6
364,965,9
494,816,8
474,204,3
156,936,2
378,499,6
105,843,4
235,521,6
120,603,9
243,161,5
436,338,4
218,722,8
46,842,4
162,88,6
393,76,2
260,693,5
280,447,4
215,848,2
146,68,2
299,349,7
316,35,2
449,709,2
308,857,1
497,156,1
413,323,4
39,845,5
196,41,6
192,952,6
1,886,5
90,152,9
381,138,3
176,691,7
73,10,1
143,505,8
137,65,4
87,531,4
50,350,2
382,706,5
412,880,4
248,488,9
307,641,2
459,600,4
421,984,9
16,230,8
476,238,7
33,378,5
13,736,8
201,865,3
372,278,8
40,109,6
146,608,4
131,597,2
198,374,5
493,184,1
165,849,7
104,846,3
61,747,4
99,579,2
66,261,5
286,403,4
210,68,2
248,249,8
416,450,7
290,436,4
77,80,1
188,957,8
156,268,7
413,509,6
153,465,6
69,469,1
368,845,5
214,746,2
47,867,6
344,379,9
105,265,5
434,427,6
416,561,7
184,336,9
277,460,1
283,150,3
326,583,3
34,713,7
162,527,5
85,873,7
348,995,5
34,905,9
258,92,7
363,880,1
474,333,9
144,451,9
3,411,1
361,284,4
0,877,9
33,637,8
495,966,5
431,954,5
353,419,1
417,727,6
37,502,6
44,494,4
150,739,3
11,688,8
444,911,5
28,772,3
272,622,4
426,919,5
367,102,3
117,763,6
235,392,8
274,433,7
383,781,3
213,273,5
142,883,5
397,499,7
443,349,7
244,328,5
14,420,3
250,942,6
494,507,7
200,835,9
75,472,7
286,566,4
415,348,8
472,136,5
25,639,5
145,919,8
49,432,8
443,129,7
56,944,5
332,869,1
459,901,7
342,359,2
381,625,9
131,432,8
413,234,4
209,205,4
30,383,1
174,122,1
260,702,9
132,457,6
231,881,3
213,278,8
163,51,1
348,312,5
152,973,2
382,321,1
125,703,3
432,843,3
182,284,7
20,642,9
74,204,7
403,362,7
436,296,6
105,672,4
301,875,3
287,252,9
66,291,5
225,820,6
346,462,1
483,513,5
423,705,7
48,137,5
118,871,6
218,365,8
75,658,1
285,432,9
4,753,8
56,611,4
23,173,7
147,187,1
381,877,3
88,519,1
493,275,6
134,143,8
22,128,6
167,919,7
374,976,2
53,393,9
35,201,2
424,418,5
296,136,7
171,549,8
378,626,9
422,985,6
179,318,6
280,197,4
5,133,6
153,377,7
297,601,6
98,66,6
495,758,4
485,460,2
128,793,1
198,463,4
94,155,4
251,21,6
61,556,9
195,539,7
277,813,8
305,877,6
298,161,9
110,314,9
396,207,2
345,106,6
376,2,5
233,82,9
446,524,6
194,151,1
402,194,2
101,117,2
123,724,2
263,635,1
277,962,8
373,111,5
148,208,7
436,455,9
164,649,6
267,130,5
465,211,3
269,421,7
340,18,5
454,395,7
487,758,1
249,526,2
208,434,2
98,487,7
268,946,5
459,520,3
243,534,3
174,930,6
53,157,9
194,95,9
118,449,5
488,318,7
263,202,1
68,119,9
33,878,1
425,614,4
465,690,7
381,118,9
61,341,2
49,620,6
375,694,1
382,669,4
418,413,6
48,782,3
76,259,9
450,80,6
464,913,4
362,22,5
53,283,5
34,114,2
27,231,6
345,394,8
422,129,4
315,466,4
131,927,9
378,136,6
29,926,3
414,411,1
445,592,8
359,441,6
439,316,6
293,109,3
234,593,2
161,916,5
460,520,7
348,599,3
478,388,9
29,120,2
293,506,3
95,868,3
332,314,9
206,871,5
218,854,9
335,244,9
378,575,4
190,747,1
498,494,3
249,699,5
80,910,4
3,627,1
101,837,9
345,800,3
269,812,6
168,852,9
240,225,5
419,18,7
285,153,1
29,249,7
24,690,8
241,509,9
202,468,1
425,9,3
291,683,1
378,364,9
292,760,3
172,112,5
328,295,5
310,54,7
360,284,9
94,923,3
320,490,8
142,439,3
395,273,2
399,264,1
312,667,4
473,985,6
268,746,8
12,736,8
303,472,5
388,98,4
50,723,2
52,808,9
136,510,4
422,91,7
263,712,6
488,921,9
436,224,9
277,159,7
339,738,6
165,331,2
45,715,1
199,703,5
296,266,7
91,42,7
110,555,3
7,407,5
367,855,8
449,357,1
189,860,9
296,735,2
480,618,3
295,953,5
147,782,7
169,866,3
363,799,8
223,401,3
418,62,4
432,607,6
17,764,1
361,991,7
184,681,7
259,568,8
132,575,3
184,115,4
165,7,9
25,45,1
391,904,5
71,790,5
187,260,5
96,423,4
80,483,7
186,246,2
459,422,9
472,347,9
190,694,2
252,757,9
492,98,3
117,465,1
472,991,4
52,868,8
112,793,8
169,734,6
18,4,8
407,974,3
427,735,8
191,888,6
418,908,2
386,254,2
400,13,3
401,659,1
286,458,3
55,20,9
461,270,3
304,991,6
450,363,9
479,261,3
93,654,7
201,664,5
96,332,3
25,849,9
483,580,6
461,160,4
465,324,8
441,847,9
324,89,8
261,12,8
495,656,3
276,441,4
321,252,3
105,472,7
373,183,8
409,374,6
339,233,6
249,586,7
98,673,2
16,914,4
313,67,7
341,326,1
386,264,9
475,579,2
248,533,8
414,877,6
358,919,8
138,772,7
422,198,5
26,40,7
299,899,4
470,942,6
329,250,9
468,46,1
28,680,4
266,588,1
390,888,5
321,575,8
440,760,1
231,786,5
341,9,4
209,148,8
436,780,2
59,179,2
127,206,1
48,752,4
351,204,5
116,149,9
158,13,5
418,469,2
180,636,7
72,731,1
10,905,4
113,651,6
457,756,3
274,210,6
497,340,5
107,303,9
175,65,3
81,968,9
199,241,6
281,448,7
404,356,2
184,44,1
385,903,7
313,219,5
145,100,3
456,342,9
217,143,3
75,999,4
481,188,7
456,302,9
24,271,9
451,26,6
473,12,1
414,512,1
127,232,7
315,83,5
269,291,2
310,274,7
308,424,9
319,992,1
257,306,8
345,704,4
263,768,4
8,50,7
17,501,3
479,448,2
454,507,9
292,171,4
87,465,2
390,122,7
71,945,2
188,587,7
164,34,1
6,505,5
403,926,4
254,742,9
158,272,5
253,892,9
0,185,3
218,246,5
259,154,8
169,922,2
415,716,9
124,517,7
263,258,3
443,70,8
187,845,8
23,964,3
484,35,6
222,51,1
86,559,4
307,43,2
159,721,6
468,945,5
146,279,5
275,294,7
271,863,9
121,356,2
249,240,2
54,84,2
321,839,9
379,925,1
475,78,1
162,802,2
142,159,7
274,138,6
346,380,9
496,436,2
12,854,4
119,699,5
131,144,1
127,584,9
231,875,8
436,662,2
15,229,8
407,128,5
308,452,4
307,472,9
339,352,5
57,109,3
373,118,8
124,528,7
258,944,2
338,597,7
301,438,6
161,931,3
198,690,4
238,717,8
363,762,7
49,501,8
229,622,9
327,616,3
40,752,3
497,898,9
188,294,5
7,699,6
329,31,5
278,532,5
320,898,6
375,645,4
237,267,4
413,606,4
185,357,6
272,433,8
79,228,5
309,624,7
130,198,4
348,443,7
400,939,4
429,757,4
464,414,1
61,968,3
68,13,7
463,959,1
190,352,3
13,820,7
143,947,8
418,601,4
177,610,4
38,749,5
361,239,7
97,178,5
176,343,2
1,479,4
300,742,3
222,257,7
433,564,2
167,3,6
102,30,2
82,966,9
100,850,6
225,863,2
43,328,9
201,513,6
427,674,6
383,254,1
318,744,2
446,692,8
390,407,5
326,434,6
431,307,9
62,803,4
409,986,4
147,999,8
366,771,1
456,349,5
248,781,8
44,244,3
185,896,3
203,267,5
468,402,1
471,93,1
284,81,3
475,394,9
218,550,2
418,846,4
333,114,7
261,998,3
228,271,8
352,378,4
376,159,8
245,824,8
15,732,4
50,78,7
72,105,2
231,609,5
307,865,4
401,109,9
116,221,9
333,108,9
25,304,9
175,10,7
151,499,6
443,715,2
460,411,8
409,256,2
264,424,2
246,509,8
155,165,2
386,111,2
43,181,5
135,985,6
67,722,1
247,125,4
149,301,3
98,411,3
188,181,2
430,851,7
279,940,5
411,244,9
456,16,1
451,266,7
175,582,9
438,808,5
454,339,7
479,273,4
175,248,6
114,2,9
292,14,5
465,427,6
450,617,9
285,12,5
74,200,2
211,909,7
357,990,7
280,641,3
172,521,7
171,583,1
29,370,3
144,201,8
334,375,6
120,699,6
496,662,6
41,677,2
294,608,9
248,60,3
416,626,8
443,880,9
271,648,3
315,579,6
349,223,1
260,792,6
92,451,4
214,262,1
120,489,7
232,122,9
307,926,1
104,702,9
124,326,8
411,793,5
188,54,9
99,386,3
356,651,7
358,23,7
413,708,6
379,818,8
495,594,8
287,206,8
143,749,6
431,339,9
132,735,6
145,628,6
414,93,2
440,99,3
169,15,9
364,71,5
399,25,8
2,938,3
332,916,3
84,172,1
423,311,3
33,742,5
496,660,7
88,581,3
210,989,4
117,629,2
406,669,8
196,502,5
372,525,2
33,291,6
226,520,4
455,918,8
463,376,3
104,133,8
197,599,7
282,958,7
268,542,7
52,788,5
381,250,2
112,424,5
157,419,6
420,332,2
344,716,4
198,883,7
456,326,5
197,135,9
282,825,2
122,849,8
91,934,4
245,255,3
281,719,9
402,715,6
195,790,5
447,806,3
303,952,8
35,476,1
369,75,2
287,192,2
194,886,6
233,844,1
150,11,8
307,367,2
283,245,7
223,320,8
142,638,8
199,510,3
248,480,1
235,435,7
154,641,5
290,683,9
113,43,2
250,137,6
60,341,2
236,435,5
391,996,1
408,891,7
347,648,6
372,36,1
32,100,5
170,457,4
327,587,7
400,660,5
291,141,5
426,887,8
136,493,5
76,593,8
43,39,8
291,824,8
332,543,9
142,222,7
391,318,6
369,352,5
180,27,2
119,942,8
371,802,7
335,885,8
85,353,7
127,557,5
242,458,3
255,475,9
82,588,7
474,451,8
194,773,6
190,58,5
30,192,1
437,892,1
117,882,7
493,818,3
248,368,1
437,456,7
89,25,6
82,279,2
400,726,5
409,342,5
271,480,1
16,123,6
471,496,4
196,721,8
467,572,2
435,556,8
425,914,1
344,234,7
336,299,8
266,623,4
12,480,3
193,979,2
365,59,4
406,122,7
279,341,7
10,890,1
234,494,6
253,437,6
446,166,9
155,434,7
114,531,5
176,583,6
85,605,6
279,429,5
321,157,7
400,152,2
485,154,8
36,618,8
123,856,4
150,883,5
124,311,5
413,79,8
69,630,2
14,38,4
430,626,6
480,383,7
113,839,3
166,625,2
251,739,5
262,405,6
495,840,7
202,525,1
6,625,1
211,360,4
278,449,6
258,840,1
256,393,2
461,21,4
403,379,3
125,391,7
177,418,1
333,70,8
205,129,2
214,324,4
83,423,9
127,29,6
370,389,9
421,320,1
392,34,7
153,250,1
68,275,6
79,143,3
196,751,7
258,72,2
446,577,9
449,665,5
1,806,5
353,545,6
149,542,1
98,760,3
277,854,7
16,210,9
167,796,9
276,462,5
136,98,3
296,612,5
230,977,5
399,140,4
90,14,4
28,916,8
264,596,4
128,219,1
353,792,7
46,393,6
287,331,4
494,289,6
46,598,9
150,134,9
422,362,8
266,305,6
87,60,1
106,763,5
382,8,8
430,959,8
180,94,7
236,358,9
391,98,5
88,366,1
103,610,5
387,87,3
93,525,8
385,771,7
248,455,4
495,112,4
16,691,2
472,186,1
112,16,3
17,436,3
362,270,3
266,28,9
418,777,7
54,599,5
40,909,2
283,480,8
441,438,6
202,842,5
453,361,5
434,798,8
254,292,7
349,885,5
262,284,7
337,413,9
283,897,3
262,243,9
218,968,6
326,43,2
375,265,9
459,591,7
306,594,4
50,909,2
293,959,9
157,677,8
13,659,1
36,317,6
295,805,2
472,642,3
252,24,6
222,832,3
44,359,5
337,475,4
27,486,6
420,819,8
408,267,2
495,391,8
142,39,3
80,348,1
149,88,5
399,582,3
109,893,2
443,464,4
77,912,8
24,977,6
109,53,7
377,516,2
301,528,1
177,385,4
328,830,7
324,394,8
277,55,1
257,547,5
50,201,4
129,354,7
263,501,2
58,380,5
393,67,8
51,384,6
46,580,6
318,616,3
110,293,9
175,60,3
157,577,9
108,655,9
380,85,5
345,504,8
119,95,7
343,453,7
356,640,1
269,719,2
289,713,1
467,758,1
226,241,8
192,846,2
269,349,1
417,374,9
354,787,3
37,327,8
229,74,9
369,714,5
111,662,9
494,581,9
404,143,2
423,631,2
40,198,4
289,555,6
263,507,8
313,772,2
425,976,2
176,190,3
266,114,3
339,555,9
376,951,4
385,158,8
168,487,1
499,407,1
4,318,8
246,663,3
304,295,1
30,493,6
225,845,2
297,379,1
303,21,4
59,884,5
138,274,5
122,772,6
319,762,1
164,526,3
285,87,4
365,950,3
398,680,6
91,424,3
451,853,6
82,788,9
10,760,6
22,167,4
100,632,4
436,285,6
103,78,7
346,338,3
209,104,1
19,105,7
222,727,6
14,501,1
238,397,6
279,192,1
260,770,6
141,634,7
383,585,1
298,190,7
127,123,2
217,123,3
54,25,7
461,969,4
376,367,9
143,658,9
337,982,9
339,936,1
304,320,2
27,489,2
439,463,6
477,33,4
487,768,7
490,574,3
464,371,2
369,558,6
28,735,6
232,14,7
122,646,3
109,861,5
415,726,9
406,619,6
261,90,9
368,744,4
64,750,1
110,493,7
430,582,5
225,618,1
273,121,2
231,257,3
101,792,2
413,973,7
379,270,6
341,400,3
176,915,1
321,162,1
476,261,9
324,55,4
247,234,1
135,636,7
185,983,2
305,891,9
22,895,7
95,726,3
393,702,7
190,509,4
216,990,6
271,95,2
219,722,3
379,140,7
122,339,8
379,255,1
104,601,2
185,787,6
442,601,7
293,76,4
32,417,1
37,581,7
383,201,8
359,389,4
188,953,5
311,346,3
190,995,5
138,834,3
215,370,4
155,576,2
407,709,6
205,464,3
160,407,7
268,329,5
379,139,9
136,24,2
469,336,3
231,795,3
330,233,6
478,179,1
215,328,7
99,598,8
373,215,7
3,220,2
228,112,5
489,332,5
207,217,4
342,831,5
262,905,7
107,370,8
158,85,3
261,87,3
52,324,2
207,463,4
207,528,5
417,304,7
61,354,3
421,283,2
205,517,1
325,696,1
278,43,1
149,478,2
465,648,7
112,672,7
18,563,9
375,525,5
310,680,5
445,378,9
228,567,2
8,319,6
10,437,8
216,124,5
124,350,3
461,142,6
59,226,9
440,419,3
108,500,6
59,941,1
137,26,3
72,898,7
200,328,5
165,724,2
264,677,4
268,970,2
0,108,8
62,967,9
80,62,1
97,877,3
46,652,8
157,481,8
274,397,7
154,93,7
164,801,8
234,727,4
274,937,9
165,730,8
110,957,3
204,886,1
12,425,5
470,264,8
198,795,2
54,608,4
353,440,7
63,628,1
96,277,7
73,622,3
441,474,1
490,321,3
284,975,7
308,63,8
322,757,1
305,210,5
272,222,2
493,154,7
366,102,8
44,123,9
195,832,4
487,926,3
201,584,3
102,13,7
434,864,5
311,601,1
281,520,9
210,947,1
62,409,9
191,360,2
218,779,5
465,527,3
153,716,7
74,695,4
213,839,4
498,317,5
241,72,9
189,477,3
333,647,2
324,817,1
149,267,7
483,745,7
296,832,6
28,808,1
203,808,8
461,987,8
196,661,9
283,370,9
306,436,3
352,747,7
436,236,4
74,602,6
258,572,3
266,666,6
76,421,9
336,739,6
59,71,9
228,749,9
165,811,2
77,885,9
411,922,8
122,349,4
127,46,6
427,653,6
438,90,8
17,280,8
138,702,1
354,594,1
389,606,3
499,751,5
277,164,8
3,791,6
436,586,2
80,420,7
60,463,5
301,550,7
29,333,3
84,223,6
294,169,2
127,340,4
342,260,6
205,516,6
294,912,9
237,108,3
182,308,9
171,49,8
348,974,4
257,700,2
297,241,3
288,414,6
103,723,8
456,957,6
281,573,7
359,270,1
440,696,5
462,685,8
333,643,4
393,45,9
235,706,2
368,19,9
160,905,8
355,881,6
42,563,6
457,646,9
122,67,4
328,874,2
5,270,9
77,262,1
493,708,6
416,938,3
111,494,9
65,507,9
407,548,5
495,291,5
84,596,5
331,960,4
141,382,9
372,773,3
209,773,9
62,850,6
162,723,9
269,921,6
399,714,8
10,976,5
478,715,5
324,836,3
437,890,2
76,595,4
46,710,9
93,380,7
73,119,4
234,884,5
456,631,7
397,428,1
258,716,9
98,32,8
168,477,9
344,265,1
78,288,9
262,969,6
5,550,5
162,140,2
123,364,5
340,242,4
457,909,9
73,291,4
398,356,2
327,334,9
484,175,2
455,780,9
50,576,9
371,436,3
296,395,7
56,666,8
128,95,5
463,931,7
271,564,2
169,227,5
160,537,5
141,173,9
79,523,8
286,597,6
496,810,4
91,567,4
127,736,1
234,773,5
99,891,3
325,361,8
126,703,7
64,248,9
130,844,9
465,951,4
467,294,4
252,561,6
200,822,4
409,27,3
97,705,7
326,820,5
340,871,9
355,196,2
108,757,4
358,786,5
305,2,9
437,705,6
87,626,1
306,968,4
414,43,8
139,965,3
371,571,4
49,274,2
359,387,7
303,766,2
96,996,4
33,316,7
372,983,9
120,629,2
248,192,3
30,597,2
481,801,4
274,54,9
465,78,3
80,5,3
102,570,4
305,57,9
302,932,5
395,127,6
464,71,8
410,257,7
70,763,6
154,906,6
456,251,5
274,518,2
433,773,4
281,796,8
24,152,1
236,838,8
412,867,6
327,734,4
66,527,2
105,391,7
427,889,1
489,863,5
376,518,2
49,742,9
309,399,2
414,743,8
320,89,6
297,901,1
233,515,7
122,598,8
140,189,2
372,528,9
34,3,8
42,890,7
198,748,4
387,454,2
328,835,4
294,811,8
267,119,6
55,53,6
165,253,8
39,1,4
379,573,1
375,528,8
129,537,6
146,73,6
158,918,6
444,976,8
244,590,7
381,5,7
224,395,8
349,718,3
264,748,7
139,243,9
438,822,3
354,967,6
384,508,7
474,381,5
124,526,9
45,27,4
291,523,2
163,26,2
217,34,8
117,553,7
196,986,4
175,507,4
371,979,9
296,807,7
237,337,9
56,926,8
285,482,7
87,594,5
157,100,3
207,212,6
70,522,7
194,271,5
133,599,1
424,79,9
429,251,8
2,665,4
301,612,5
320,983,2
188,899,9
234,810,3
394,0,4
188,602,4
32,228,3
186,266,6
126,209,9
191,455,8
115,123,5
74,531,2
492,166,8
64,500,3
353,625,9
358,179,4
308,102,5
455,806,4
2,738,5
150,261,2
92,887,5
288,221,4
317,926,8
448,113,5
189,660,9
117,19,3
462,197,3
336,404,1
382,85,7
222,456,1
223,232,3
194,98,9
374,961,6
105,981,6
487,962,8
87,154,7
230,381,8
157,327,6
321,325,5
340,416,2
459,510,4
394,485,7
124,291,3
103,979,7
443,979,2
243,331,1
48,221,4
412,532,3
324,369,8
12,987,4
391,429,4
303,39,4
307,125,3
432,74,9
247,382,7
230,316,2
308,856,2
98,890,1
75,140,3
421,944,6
107,584,9
252,306,5
134,406,1
115,441,1
298,170,4
401,867,3
220,12,6
69,69,2
122,273,3
82,143,6
441,61,3
159,383,4
186,376,2
35,125,1
223,810,4
456,882,3
204,719,9
325,522,9
90,947,4
71,350,3
365,427,4
32,15,6
224,707,4
158,92,7
8,665,9
265,782,4
482,217,2
34,612,2
407,303,8
269,398,4
361,529,3
48,249,6
434,796,9
5,394,4
453,461,3
328,814,8
168,227,1
3,452,8
305,993,5
43,399,1
304,115,3
386,284,7
133,955,7
119,759,2
110,809,6
112,253,9
56,838,7
124,393,7
329,794,2
151,880,6
390,208,7
409,938,1
380,632,3
269,730,8
158,756,9
464,168,2
102,745,7
232,212,5
226,271,6
372,116,5
273,181,8
399,978,5
459,328,6
195,387,7
437,479,5
84,712,8
458,573,3
88,536,9
425,836,7
195,495,9
482,769,4
64,910,5
232,676,1
450,35,9
23,263,8
132,617,3
41,478,1
160,284,7
195,335,7
309,78,5
128,234,2
79,782,9
84,10,4
469,836,7
476,339,8
110,807,5
97,256,1
27,828,8
479,571,7
353,851,9
380,62,6
145,797,9
320,270,8
29,358,2
338,44,2
289,954,2
165,641,8
355,980,3
323,568,5
219,158,8
93,337,4
11,439,1
468,147,4
140,931,1
150,957,4
340,563,7
187,703,7
355,679,1
297,62,7
328,531,4
2,777,3
225,806,6
237,596,2
316,896,5
75,586,4
79,382,2
381,442,9
336,690,4
405,886,1
135,229,4
498,293,9
136,651,7
325,763,6
81,399,9
459,643,1
166,6,5
401,291,3
165,955,7
395,576,8
227,868,1
31,217,2
95,290,9
341,974,5
96,997,3
137,876,2
270,317,4
126,801,1
64,458,3
312,843,2
344,851,1
366,434,9
471,304,8
62,974,9
213,450,3
116,431,3
450,665,3
269,936,6
49,130,2
346,984,3
21,422,9
137,25,4
360,309,8
253,462,3
380,676,9
285,566,7
421,135,8
281,488,5
28,232,9
35,269,4
388,711,5
19,803,1
188,156,2
8,602,7
151,422,3
297,336,1
86,712,3
233,248,4
498,765,7
35,400,1
31,94,1
135,792,7
413,851,2
202,563,4
319,723,7
16,147,5
367,339,2
33,349,7
355,763,1
73,352,3
429,728,1
148,306,5
91,600,7
168,209,6
0,558,2
82,80,4
299,734,2
150,29,4
176,999,3
403,838,7
61,578,7
197,909,8
93,808,2
241,142,1
165,744,1
23,377,8
35,855,9
426,863,2
28,954,8
458,193,2
232,125,3
156,165,3
388,991,7
491,586,2
60,351,2
482,449,7
471,172,3
71,570,3
27,425,8
357,798,9
38,21,5
300,931,8
32,60,8
345,417,6
115,340,8
48,717,1
33,658,1
94,196,8
270,490,2
38,534,7
401,463,4
302,21,8
148,178,6
493,503,1
329,260,4
335,545,7
86,163,9
355,735,8
279,188,9
492,649,9
238,836,9
339,358,6
170,139,4
20,5,5
63,360,8
433,115,4
369,881,8
182,973,7
348,980,2
2,922,9
18,586,8
253,325,6
312,446,2
468,258,3
379,840,8
128,436,1
407,385,5
245,689,6
413,373,3
86,356,8
13,227,5
28,67,1
495,37,3
40,402,4
469,995,3
363,260,9
73,641,4
432,324,5
72,302,5
71,162,2
287,563,6
144,658,4
145,350,1
97,526,4
303,476,6
13,270,2
122,691,8
276,553,6
243,65,3
349,492,6
108,389,3
323,795,6
379,306,2
194,955,6
128,615,1
277,130,1
289,403,3
47,883,2
282,254,5
77,704,2
284,783,3
465,692,1
268,90,8
380,374,7
154,348,2
461,343,2
406,878,8
458,5,7
370,539,8
324,982,2
262,875,4
464,606,2
424,997,4
208,402,2
42,611,1
1,543,5
116,47,9
31,40,6
105,896,7
54,173,8
490,354,9
47,623,2
313,575,3
175,514,6
87,979,8
350,787,7
395,658,3
487,979,4
295,601,1
336,541,3
73,815,2
426,868,9
373,68,1
127,910,4
177,690,8
305,897,9
6,715,4
408,926,5
140,275,5
37,187,8
165,195,7
417,252,5
137,213,4
269,441,4
405,198,6
16,158,8
379,523,1
144,793,7
347,135,5
94,511,2
69,659,1
394,705,4
403,105,3
490,733,1
338,26,3
232,236,8
97,319,7
147,853,2
324,191,7
173,782,5
241,988,7
84,959,3
219,302,1
118,95,3
56,222,9
65,768,6
259,196,1
183,645,9
49,373,8
257,766,5
82,605,7
7,585,2
66,781,6
224,954,9
477,364,4
120,528,1
142,625,7
121,823,7
177,482,7
358,374,6
161,846,2
328,953,2
449,569,8
473,103,8
281,289,1
356,462,6
459,703,5
393,669,4
149,820,6
66,29,9
57,465,8
441,701,2
278,987,5
148,142,9
172,879,3
140,7,8
400,196,5
306,846,5
439,786,3
150,972,9
236,600,5
60,615,6
485,534,5
255,511,1
276,513,8
206,292,3
135,853,3
474,356,8
244,610,2
337,669,7
18,537,5
137,611,8
402,48,1
43,315,7
50,448,3
404,394,8
154,908,4
136,897,1
282,711,5
97,352,1
21,50,3
2,755,7
39,883,6
79,489,7
348,826,8
148,930,5
35,546,5
7,209,1
238,22,3
420,756,7
169,562,1
31,153,4
114,54,2
249,969,8
94,320,6
489,327,6
381,628,7
172,364,3
475,912,1
162,680,4
70,357,2
469,266,3
479,860,3
156,591,8
297,918,3
86,345,2
320,21,9
345,899,1
354,239,2
284,845,4
352,709,1
277,231,9
409,756,4
89,81,8
241,392,2
208,356,5
266,656,2
161,612,4
477,476,8
52,739,3
317,160,7
332,718,1
237,50,3
16,85,6
17,723,5
137,158,5
47,132,1
80,146,7
95,932,8
419,177,7
319,913,3
15,348,4
314,797,9
68,939,8
210,116,9
19,330,9
45,574,4
66,865,2
216,187,3
231,186,3
176,368,8
310,204,3
360,267,4
364,129,8
289,828,2
272,796,6
245,144,5
118,536,9
243,646,5
5,627,5
483,983,8
185,641,9
378,687,7
478,32,7
248,79,8
430,618,9
239,907,7
66,399,3
13,643,6
67,210,3
471,456,5
237,751,5
159,659,9
223,114,5
127,879,9
435,927,8
499,477,8
42,340,2
359,531,7
167,801,3
23,452,6
461,30,5
30,72,3
102,811,9
12,787,8
235,772,6
299,126,1
160,170,2
35,394,3
58,230,9
466,386,4
402,558,1
468,280,6
265,123,9
273,402,6
392,722,4
308,618,2
218,321,8
145,311,1
242,583,9
31,172,3
96,833,2
368,869,4
434,25,1
50,970,1
48,23,2
42,458,7
395,667,8
155,327,3
163,203,6
6,47,4
486,727,4
217,36,4
398,484,9
353,392,5
70,967,5
400,930,8
275,817,6
302,730,2
100,542,2
423,349,4
465,166,1
203,968,7
46,384,5
424,428,1
443,141,4
253,276,8
289,634,9
111,426,9
33,585,9
472,211,6
241,82,9
137,885,9
346,432,6
13,361,4
39,286,9
121,657,4
225,563,2
183,389,1
93,930,6
175,901,1
166,198,2
262,642,3
281,968,5
441,488,5
403,30,5
146,132,5
451,667,9
260,901,2
93,128,5
170,546,6
370,496,3
410,285,2
187,631,1
78,877,3
95,239,3
51,54,2
349,359,3
251,314,7
225,727,8
335,536,5
414,17,1
397,339,7
68,735,2
294,476,1
441,562,6
164,319,3
196,130,9
445,81,1
16,36,1
262,624,6
58,157,4
447,573,8
19,952,1
11,697,4
164,575,2
100,116,1
247,488,5
149,891,7
178,384,2
282,826,8
280,708,5
467,266,5
240,141,9
282,16,3
338,276,2
87,332,8
333,655,1
430,572,8
159,479,8
89,722,9
173,770,5
137,713,6
292,897,8
431,359,2
298,823,3
62,420,5
157,184,6
344,145,7
165,91,9
293,955,5
347,169,2
164,835,2
323,783,8
199,439,5
67,913,6
186,908,6
220,925,8
1,496,2
446,298,2
263,43,7
18,840,4
433,872,8
427,536,2
6,70,3
81,822,9
181,298,8
253,548,1
362,659,8
212,145,1
305,62,2
5,79,9
329,959,2
457,957,3
227,425,6
148,406,1
477,350,3
16,543,3
143,356,6
69,616,5
433,378,2
241,629,5
461,944,5
332,205,4
278,62,5
258,526,3
101,119,4
281,231,8
342,789,3
482,417,3
274,549,2
469,776,7
472,128,7
261,478,7
219,34,2
71,499,5
134,224,3
439,911,7
69,260,4
198,200,4
349,14,5
120,133,7
487,216,7
324,228,8
14,738,4
123,887,8
370,855,8
431,956,5
463,898,7
425,455,9
37,389,8
364,649,3
55,319,7
38,603,5
345,999,2
323,769,9
425,935,9
34,537,8
263,356,9
417,254,6
220,167,7
261,321,2
248,746,3
453,515,2
24,221,9
438,542,6
408,809,9
406,13,4
257,959,7
125,575,4
437,906,3
252,589,5
361,520,1
50,211,2
394,810,1
329,764,2
498,295,2
66,737,1
270,727,1
255,95,8
269,160,2
27,594,5
236,623,1
149,658,9
308,373,3
116,835,7
217,445,6
310,206,7
32,115,6
393,877,5
357,707,7
28,461,8
32,209,4
425,96,9
141,152,9
430,105,7
249,529,9
171,197,1
136,127,5
329,282,6
54,699,9
201,496,2
172,153,8
77,748,1
176,489,4
264,186,7
338,691,3
43,992,8
436,540,9
439,161,2
345,309,3
462,599,1
213,999,7
410,928,8
363,933,6
281,832,2
89,574,2
278,647,1
450,733,5
492,715,7
224,638,2
123,134,8
373,879,3
37,9,5
75,425,7
280,434,5
495,996,5
164,89,4
221,475,4
161,357,3
220,97,3
3,223,7
297,422,8
298,916,8
157,388,3
132,880,3
380,733,1
93,818,3
23,853,6
20,713,3
440,733,7
182,154,1
50,717,4
74,737,5
168,653,1
339,642,8
349,368,8
378,369,3
131,596,4
164,472,7
469,340,5
410,489,5
18,536,4
345,239,8
406,638,6
279,314,9
319,267,8
0,418,4
15,103,3
17,603,1
79,733,6
495,955,7
317,283,4
391,538,1
147,503,8
468,731,3
99,624,6
451,807,1
15,850,1
10,113,9
39,355,7
395,653,1
128,543,1
225,482,5
235,173,7
394,572,4
174,740,8
3,38,6
193,591,6
144,906,3
365,573,7
375,952,8
45,352,1
396,3,7
35,682,8
309,212,4
194,9,7
150,180,4
241,934,2
155,781,8
396,275,3
483,598,7
407,339,3
219,177,4
251,988,7
223,813,4
396,363,8
276,353,1
234,815,1
204,460,1
187,376,3
276,387,1
344,446,4
216,521,1
403,40,7
413,480,2
214,439,9
454,274,8
86,355,7
466,424,8
147,366,7
282,908,8
141,528,5
221,502,6
170,262,5
352,916,6
40,23,4
419,550,2
451,168,9
281,768,7
273,378,7
349,293,3
99,57,7
374,790,5
109,396,1
338,264,9
152,844,9
373,19,8
395,468,5
104,160,3
308,126,1
249,21,7
294,947,1
496,445,7
1,999,1
478,267,7
427,762,1
264,89,9
305,108,2
184,16,4
64,898,7
285,671,8
408,743,4
115,927,9
358,332,1
374,722,5
379,502,9
170,542,3
208,469,5
427,24,4
450,75,7
207,501,5
484,569,7
285,732,5
192,572,9
0,188,5
305,366,8
322,443,6
484,983,8
359,532,8
14,634,3
283,735,3
371,362,3
248,964,5
214,674,5
404,848,1
305,749,9
340,621,8
232,30,6
139,583,3
259,129,8
479,603,3
301,701,3
62,308,9
493,59,6
122,671,2
485,698,2
222,477,9
459,716,3
445,779,7
377,512,4
458,47,5
304,870,9
424,466,6
86,672,4
35,910,4
271,362,3
404,621,6
382,19,6
263,885,1
260,59,4
304,541,6
434,351,1
420,35,9
54,462,8
297,935,6
190,166,1
399,292,5
252,189,9
495,124,1
216,230,8
339,571,8
54,780,1
466,690,3
76,771,7
189,715,9
418,382,7
483,900,5
242,172,6
242,699,5
24,110,6
489,765,7
8,87,1
13,216,2
236,391,1
1,694,8
82,45,7
313,257,1
352,333,1
149,731,3
397,961,3
303,614,5
114,507,5
356,336,4
296,822,2
406,107,6
77,129,8
115,201,6
151,268,8
170,461,9
444,946,8
366,650,6
272,383,1
270,211,4
442,648,4
223,253,7
112,976,8
68,477,6
165,550,4
326,903,8
235,305,7
210,471,8
240,531,6
487,271,6
498,54,4
80,283,4
57,112,3
122,675,3
425,7,6
229,316,4
431,884,2
276,671,8
140,668,4
172,298,6
73,632,9
259,221,2
140,635,9
146,683,7
19,876,6
399,919,4
469,23,7
249,299,2
268,547,3
462,321,9
255,618,3
311,854,7
214,258,9
257,893,6
260,882,3
355,914,8
302,73,8
251,293,5
37,124,2
452,120,4
444,53,4
92,439,2
146,87,4
486,295,2
160,981,7
406,883,4
392,937,7
430,36,5
8,660,7
241,633,7
282,132,2
418,906,4
112,404,7
153,976,6
89,113,2
380,650,8
499,130,2
70,949,9
116,607,7
153,75,3
444,214,2
222,359,9
140,12,5
161,8,8
299,925,8
193,981,1
70,536,7
410,902,4
211,655,9
128,28,2
364,714,1
372,18,6
77,816,5
36,366,5
22,141,3
382,258,5
312,683,9
396,846,7
313,570,9
200,160,3
294,900,8
361,790,4
199,409,9
457,554,8
449,963,2
400,377,9
496,25,6
195,145,7
57,600,6
242,997,2
372,739,9
389,617,2
194,323,8
146,439,2
222,38,8
401,371,4
30,623,3
164,905,3
114,922,3
402,821,9
234,21,7
130,218,6
22,616,4
237,946,9
498,887,3
283,664,9
434,299,4
371,520,4
441,703,5
155,514,7
475,404,7
119,402,7
219,599,1
340,35,2
143,998,8
132,102,9
65,984,2
2,35,9
250,512,3
493,417,9
110,573,9
220,433,6
467,897,2
386,16,8
2,985,1
250,689,4
71,778,6
123,139,1
123,65,4
306,397,8
99,322,1
125,782,4
112,896,1
178,427,6
328,768,1
199,59,3
163,742,5
258,99,2
307,667,3
7,382,8
445,415,7
458,276,1
301,403,8
287,874,5
347,808,2
220,340,9
182,293,4
176,509,3
79,684,2
420,182,8
160,726,3
142,948,6
482,844,3
310,319,8
122,323,5
138,741,4
364,454,6
225,106,5
73,677,9
417,138,7
201,986,1
334,417,8
170,341,2
280,55,3
387,167,4
442,947,2
103,537,9
336,901,9
457,955,2
321,48,3
71,380,4
94,838,7
101,495,6
53,508,7
376,570,1
482,701,5
258,938,2
299,886,3
386,625,7
207,576,2
236,360,1
294,116,5
152,709,7
30,2,5
283,698,2
411,496,7
36,786,4
108,949,7
131,552,2
402,572,9
252,487,3
267,372,9
322,88,4
138,30,7
356,723,5
15,914,1
56,53,1
407,327,4
329,608,2
88,704,6
219,735,2
25,694,6
335,83,2
377,253,2
139,469,4
175,63,6
118,343,4
194,385,4
136,978,4
123,317,4
215,971,4
429,700,8
381,692,6
148,819,4
471,842,7
105,222,5
455,420,9
154,528,6
270,976,2
101,40,6
381,476,7
158,214,2
436,206,2
41,761,6
251,201,8
79,793,4
444,993,5
208,776,6
337,169,6
439,142,2
267,437,4
28,551,9
110,778,8
106,422,7
457,167,1
454,991,4
238,904,1
445,654,3
123,695,8
339,935,4
195,474,2
120,145,7
125,605,7
209,450,6
169,799,8
105,771,7
167,471,6
64,367,9
484,422,3
189,632,5
53,637,6
287,511,7
441,531,5
179,991,4
422,253,2
305,173,6
369,799,2
148,935,5
18,608,4
172,401,7
462,348,5
395,467,1
392,52,5
439,528,2
186,269,4
161,265,3
462,560,2
285,963,9
148,205,3
139,911,5
438,519,8
26,972,4
30,382,9
368,996,4
0,659,9
85,669,5
495,563,1
212,451,8
363,525,8
243,850,9
45,792,2
92,23,8
380,694,4
47,834,8
297,744,9
174,497,2
185,335,4
476,673,3
302,663,3
307,374,6
175,406,4
190,368,6
342,44,7
19,31,2
118,83,1
300,423,7
311,510,2
46,408,2
393,955,6
271,224,3
118,392,2
375,247,3
495,299,5
211,584,8
141,309,9
149,317,7
296,670,9
23,830,5
241,212,4
12,111,8
19,239,3
215,577,8
372,959,9
441,160,4
43,42,6
122,528,8
210,990,8
287,552,2
493,924,9
342,642,5
269,31,1
30,427,2
40,770,7
76,509,4
330,194,1
165,180,5
120,663,6
335,463,1
407,574,4
219,373,5
440,339,8
367,666,6
358,7,1
433,434,6
91,370,9
379,779,1
478,728,9
496,425,1
289,262,6
377,235,4
444,211,7
426,273,8
448,760,8
416,45,8
190,26,8
365,539,3
205,223,5
400,830,7
467,769,6
294,457,5
237,437,9
82,425,1
319,196,1
283,567,1
257,863,5
338,256,5
425,56,6
74,564,3
215,399,3
361,797,4
409,856,1
389,950,7
399,393,1
427,901,7
480,117,5
304,372,9
124,265,7
281,923,5
354,600,7
50,365,2
378,152,2
272,782,5
468,654,8
105,852,8
453,438,4
224,149,3
286,334,9
330,620,6
289,240,2
451,70,3
83,823,8
364,530,9
487,396,9
110,552,1
127,738,8
237,1,2
362,440,8
479,254,8
397,91,4
397,35,2
220,440,7
322,543,1
105,507,6
231,782,3
94,457,4
13,589,8
428,816,9
402,657,4
255,910,3
7,221,8
45,786,4
55,696,2
358,582,9
101,3,9
125,541,3
430,858,2
438,644,2
154,287,3
289,569,6
100,811,7
428,444,1
42,856,8
372,795,1
255,267,2
378,194,7
225,902,6
79,589,9
375,848,6
315,922,4
232,424,7
186,45,7
171,909,7
240,583,4
130,120,9
141,529,3
139,27,4
6,289,3
463,347,3
118,454,2
82,565,6
75,839,7
494,351,4
238,735,9
163,942,5
201,748,5
44,254,1
156,677,9
124,281,2
401,477,2
29,634,9
212,293,5
395,3,1
416,837,4
256,727,6
111,123,1
168,377,7
111,261,7
331,977,1
146,941,6
315,691,3
327,440,7
469,52,4
185,246,2
480,92,5
200,789,4
340,88,4
330,677,8
408,952,6
234,307,5
396,684,3
177,879,6
245,427,1
249,448,8
352,200,1
309,427,7
39,873,4
404,663,7
379,201,4
52,526,1
480,706,9
330,77,7
42,763,1
245,201,1
418,294,5
139,416,9
466,504,6
209,916,1
113,222,7
178,255,4
262,378,6
344,857,4
463,965,1
97,454,1
480,693,6
263,917,6
63,846,3
463,681,1
174,540,7
310,984,2
349,239,2
6,362,5
110,712,7
343,20,9
162,500,6
4,854,9
11,176,6
413,803,8
76,412,2
50,860,1
281,634,7
59,157,9
326,735,7
272,56,4
324,243,5
245,888,2
389,875,4
322,46,7
207,379,2
7,94,5
136,271,3
65,967,5
7,195,7
136,641,8
103,804,4
38,880,8
156,354,7
253,696,9
89,483,7
136,107,5
10,222,7
25,748,3
78,686,7
226,521,7
333,781,6
394,691,1
314,339,5
308,293,7
467,945,2
127,971,8
399,30,8
468,790,5
283,132,9
420,861,8
68,588,5
439,687,8
282,701,9
110,604,1
30,250,9
359,807,1
215,554,5
155,545,9
195,318,7
495,10,3
213,554,6
39,345,2
139,659,3
72,364,9
342,972,1
400,680,9
420,455,5
316,708,1
384,648,8
208,620,1
313,578,3
53,931,3
269,317,8
278,432,4
15,253,6
274,569,1
361,987,7
183,608,7
272,206,3
143,921,8
135,790,5
64,440,7
163,146,2
401,402,9
467,804,3
317,577,6
312,185,1
306,158,1
237,967,2
211,447,9
310,685,2
392,360,8
206,90,6
282,411,1
235,693,4
142,333,5
145,603,3
39,438,6
219,337,8
356,255,8
492,255,9
19,718,9
380,337,1
397,741,6
218,311,7
141,327,1
178,924,6
341,876,9
431,400,3
321,268,8
257,715,9
326,69,6
35,456,6
304,599,5
21,675,4
479,107,5
444,2,5
254,276,5
187,119,8
366,507,7
318,919,4
352,286,5
257,453,2
118,214,2
36,43,4
141,703,1
264,256,8
212,546,2
253,683,3
138,839,3
468,185,2
183,581,4
423,910,7
195,483,9
221,40,2
301,261,3
131,794,5
109,792,3
189,314,8
402,196,3
72,291,4
218,242,5
336,740,4
353,841,6
217,46,8
40,741,5
7,752,5
234,612,9
405,871,9
443,699,1
337,127,8
4,897,9
171,499,8
110,90,7
474,746,4
277,749,7
162,464,6
139,310,8
281,17,4
2,907,7
128,184,8
82,842,8
310,588,2
334,685,8
233,694,2
70,858,9
185,33,1
421,991,3
101,43,6
81,999,5
55,261,7
408,845,4
59,83,1
290,460,6
499,541,5
320,954,5
206,123,4
103,36,9
0,648,8
77,49,2
476,777,1
71,38,2
9,970,1
408,532,7
209,948,6
178,126,5
358,273,6
261,454,8
457,29,8
233,102,4
356,329,6
439,737,6
231,708,9
142,86,7
487,59,3
113,656,8
19,359,4
289,792,7
493,298,9
43,362,8
424,219,1
415,266,2
127,659,1
256,78,3
71,535,5
421,458,2
331,910,2
241,423,4
257,103,6
356,697,5
261,149,8
419,909,9
462,383,1
474,784,7
310,655,2
371,464,4
155,584,4
19,182,7
200,74,3
435,766,9
66,958,4
272,861,8
96,305,9
214,358,5
71,358,1
367,702,7
405,623,4
379,796,4
352,945,5
117,392,3
265,662,3
187,954,3
252,354,5
334,187,7
48,378,2
406,618,6
229,953,9
440,828,8
263,18,1
273,509,4
346,159,1
409,362,6
78,943,3
255,984,9
14,153,2
237,140,8
406,696,4
432,410,9
141,432,2
193,873,3
275,920,4
197,900,9
89,782,7
152,980,8
202,719,5
259,884,8
460,540,6
272,50,7
193,816,8
330,929,9
386,312,6
215,428,4
244,572,6
108,651,7
432,674,9
433,394,7
87,854,9
173,813,7
135,942,9
461,575,7
32,77,8
103,845,2
157,79,9
280,193,4
124,285,8
268,184,4
373,723,5
414,440,7
49,219,5
69,4,7
47,216,1
454,692,8
326,794,4
265,296,8
395,73,3
293,557,6
117,782,6
255,70,2
351,795,5
18,170,6
303,257,8
248,622,8
34,51,4
131,305,6
224,138,2
171,214,9
145,773,8
202,43,5
248,214,4
399,86,7
46,622,7
179,972,2
36,167,5
463,728,6
92,362,5
409,71,4
95,687,3
162,209,4
304,513,3
415,507,3
88,597,2
106,134,4
440,250,6
160,737,4
104,932,2
371,11,8
45,413,4
433,881,6
437,286,5
428,447,5
147,904,4
57,968,7
212,655,8
167,694,9
479,613,4
315,283,4
472,886,1
375,34,4
357,58,9
55,601,3
34,837,8
23,814,7
296,677,6
100,376,6
494,359,7
66,425,1
473,256,2
333,419,2
53,104,7
29,319,4
197,941,2
169,706,1
157,141,5
264,286,4
64,259,2
64,281,1
347,691,7
495,895,8
136,710,3
465,488,5
172,160,3
167,142,4
45,814,1
211,677,9
248,510,7
331,577,9
79,848,3
94,813,8
216,87,5
34,395,2
71,42,3
314,384,8
476,636,7
286,208,7
72,150,3
495,490,6
260,524,9
358,714,1
98,14,3
289,247,1
38,779,1
312,681,9
101,899,3
454,814,2
27,838,1
326,510,9
69,958,5
343,415,8
246,903,3
483,391,6
325,444,8
185,685,7
43,398,5
297,147,2
220,896,3
26,452,6
290,926,5
104,399,1
117,972,2
4,602,4
186,768,2
109,755,5
217,815,3
110,944,1
67,661,5
233,947,2
31,846,6
495,666,9
235,477,9
498,857,7
440,185,8
489,561,9
271,815,7
211,944,3
359,267,5
40,93,8
420,333,7
161,863,4
3,523,2
118,55,2
121,119,4
7,339,8
334,342,5
47,135,1
423,494,9
226,479,4
359,199,4
169,232,8
65,664,4
90,952,6
